<?xml version="1.0" encoding="UTF-8"?><CONFIG_JAXE>
  
  <LANGAGE>
    <FICHIER_SCHEMA nom="CONFIG_DAXE.xsd"/>
    <RACINE element="CONFIG_JAXE"/>
  </LANGAGE>
  
  <MENUS>
    <MENU nom="Langage">
      <MENU_INSERTION nom="LANGAGE" type_noeud="element"/>
      <MENU_INSERTION nom="FICHIER_SCHEMA"/>
      <MENU_INSERTION nom="RACINE"/>
    </MENU>
    <MENU nom="Enregistrement">
      <MENU_INSERTION nom="ENREGISTREMENT"/>
      <MENU_INSERTION nom="ENCODAGE"/>
      <MENU_INSERTION nom="DOCTYPE"/>
      <MENU_INSERTION nom="SCHEMALOCATION"/>
      <MENU_INSERTION nom="PREFIXE_ESPACE"/>
    </MENU>
    <MENU nom="Menus">
      <MENU_INSERTION nom="MENUS"/>
      <MENU_INSERTION nom="MENU_INSERTION"/>
      <MENU_INSERTION nom="MENU_FONCTION"/>
      <MENU_INSERTION nom="SEPARATEUR"/>
      <MENU_INSERTION nom="MENU"/>
      <MENU_INSERTION nom="PARAMETRE"/>
    </MENU>
    <MENU nom="Affichage">
      <MENU_INSERTION nom="AFFICHAGE_NOEUDS"/>
      <MENU_INSERTION nom="AFFICHAGE_ELEMENT"/>
      <MENU_INSERTION nom="AFFICHAGE_ATTRIBUT"/>
      <MENU_INSERTION nom="PLUGIN_INSTRUCTION"/>
      <MENU_INSERTION nom="PLUGIN_COMMENTAIRE"/>
      <MENU_INSERTION nom="PARAMETRE"/>
    </MENU>
    <MENU nom="Textes">
      <MENU_INSERTION nom="STRINGS"/>
      <MENU_INSERTION nom="DESCRIPTION_CONFIG"/>
      <MENU_INSERTION nom="STRINGS_MENU"/>
      <MENU_INSERTION nom="STRINGS_ELEMENT"/>
      <MENU_INSERTION nom="STRINGS_ATTRIBUT"/>
      <MENU_INSERTION nom="TITRE"/>
      <MENU_INSERTION nom="DOCUMENTATION"/>
      <MENU_INSERTION nom="TITRE_VALEUR"/>
    </MENU>
  </MENUS>
  
  <AFFICHAGE_NOEUDS>
    
    <AFFICHAGE_ELEMENT element="CONFIG_JAXE" type="division"/>
    
    <AFFICHAGE_ELEMENT element="LANGAGE" type="division"/>
    <AFFICHAGE_ELEMENT element="FICHIER_SCHEMA" type="vide">
      <PARAMETRE nom="titreAtt" valeur="nom"/>
    </AFFICHAGE_ELEMENT>
    <AFFICHAGE_ELEMENT element="RACINE" type="vide">
      <PARAMETRE nom="titreAtt" valeur="element"/>
    </AFFICHAGE_ELEMENT>
    
    <AFFICHAGE_ELEMENT element="ENREGISTREMENT" type="division"/>
    <AFFICHAGE_ELEMENT element="ENCODAGE" type="string"/>
    <AFFICHAGE_ELEMENT element="DOCTYPE" type="vide"/>
    <AFFICHAGE_ELEMENT element="SCHEMALOCATION" type="vide"/>
    <AFFICHAGE_ELEMENT element="PREFIXE_ESPACE" type="vide">
      <PARAMETRE nom="titreAtt" valeur="uri"/>
    </AFFICHAGE_ELEMENT>
    
    <AFFICHAGE_ELEMENT element="MENUS" type="division"/>
    <AFFICHAGE_ELEMENT element="MENU" type="zone">
      <PARAMETRE nom="titreAtt" valeur="nom"/>
    </AFFICHAGE_ELEMENT>
    <AFFICHAGE_ELEMENT element="MENU_INSERTION" type="vide">
      <PARAMETRE nom="titreAtt" valeur="nom"/>
    </AFFICHAGE_ELEMENT>
    <AFFICHAGE_ELEMENT element="MENU_FONCTION" type="zone">
      <PARAMETRE nom="titreAtt" valeur="nom"/>
    </AFFICHAGE_ELEMENT>
    <AFFICHAGE_ELEMENT element="PARAMETRE" type="vide">
      <PARAMETRE nom="attributsVisibles" valeur="true"/>
    </AFFICHAGE_ELEMENT>
    <AFFICHAGE_ELEMENT element="SEPARATEUR" type="vide"/>
    
    <AFFICHAGE_ELEMENT element="AFFICHAGE_NOEUDS" type="division"/>
    <AFFICHAGE_ELEMENT element="AFFICHAGE_ELEMENT" type="zone">
      <PARAMETRE nom="titreAtt" valeur="element"/>
      <AFFICHAGE_ATTRIBUT attribut="type">
        <VALEUR_SUGGEREE>division</VALEUR_SUGGEREE>
        <VALEUR_SUGGEREE>area</VALEUR_SUGGEREE>
        <VALEUR_SUGGEREE>string</VALEUR_SUGGEREE>
        <VALEUR_SUGGEREE>table</VALEUR_SUGGEREE>
        <VALEUR_SUGGEREE>simpletype</VALEUR_SUGGEREE>
        <VALEUR_SUGGEREE>style</VALEUR_SUGGEREE>
        <VALEUR_SUGGEREE>file</VALEUR_SUGGEREE>
        <VALEUR_SUGGEREE>symbol</VALEUR_SUGGEREE>
        <VALEUR_SUGGEREE>form</VALEUR_SUGGEREE>
        <VALEUR_SUGGEREE>field</VALEUR_SUGGEREE>
        <VALEUR_SUGGEREE>empty</VALEUR_SUGGEREE>
        <VALEUR_SUGGEREE>anchor</VALEUR_SUGGEREE>
        <VALEUR_SUGGEREE>equationmem</VALEUR_SUGGEREE>
        <VALEUR_SUGGEREE>equatexmem</VALEUR_SUGGEREE>
        <VALEUR_SUGGEREE>hiddenp</VALEUR_SUGGEREE>
        <VALEUR_SUGGEREE>hiddendiv</VALEUR_SUGGEREE>
        <VALEUR_SUGGEREE>list</VALEUR_SUGGEREE>
        <VALEUR_SUGGEREE>item</VALEUR_SUGGEREE>
        <VALEUR_SUGGEREE>wlist</VALEUR_SUGGEREE>
        <VALEUR_SUGGEREE>witem</VALEUR_SUGGEREE>
        <VALEUR_SUGGEREE>stylespan</VALEUR_SUGGEREE>
        <VALEUR_SUGGEREE>hr</VALEUR_SUGGEREE>
        <VALEUR_SUGGEREE>br</VALEUR_SUGGEREE>
        <VALEUR_SUGGEREE>plugin</VALEUR_SUGGEREE>
      </AFFICHAGE_ATTRIBUT>
    </AFFICHAGE_ELEMENT>
    <AFFICHAGE_ELEMENT element="AFFICHAGE_ATTRIBUT" type="zone">
      <PARAMETRE nom="titreAtt" valeur="attribut"/>
    </AFFICHAGE_ELEMENT>
    <AFFICHAGE_ELEMENT element="PLUGIN_INSTRUCTION" type="zone">
      <PARAMETRE nom="titreAtt" valeur="cible"/>
    </AFFICHAGE_ELEMENT>
    <AFFICHAGE_ELEMENT element="PLUGIN_COMMENTAIRE" type="zone"/>
    
    <AFFICHAGE_ELEMENT element="STRINGS" type="division">
      <PARAMETRE nom="titreAtt" valeur="langue"/>
    </AFFICHAGE_ELEMENT>
    <AFFICHAGE_ELEMENT element="DESCRIPTION_CONFIG" type="string"/>
    <AFFICHAGE_ELEMENT element="STRINGS_MENU" type="zone">
      <PARAMETRE nom="titreAtt" valeur="menu"/>
    </AFFICHAGE_ELEMENT>
    <AFFICHAGE_ELEMENT element="TITRE" type="string"/>
    <AFFICHAGE_ELEMENT element="DOCUMENTATION" type="zone"/>
    <AFFICHAGE_ELEMENT element="STRINGS_ELEMENT" type="zone">
      <PARAMETRE nom="titreAtt" valeur="element"/>
    </AFFICHAGE_ELEMENT>
    <AFFICHAGE_ELEMENT element="STRINGS_ATTRIBUT" type="zone">
      <PARAMETRE nom="titreAtt" valeur="attribut"/>
    </AFFICHAGE_ELEMENT>
    <AFFICHAGE_ELEMENT element="TITRE_VALEUR" type="string">
      <PARAMETRE nom="titreAtt" valeur="valeur"/>
    </AFFICHAGE_ELEMENT>
    
  </AFFICHAGE_NOEUDS>
  
  <EXPORTS>
    <EXPORT nom="tri" sortie="XML">
      <FICHIER_XSL nom="tri_config.xsl"/>
    </EXPORT>
  </EXPORTS>
  
  <STRINGS langue="fr">
    <DESCRIPTION_CONFIG>Configuration Jaxe</DESCRIPTION_CONFIG>
    
    <STRINGS_MENU menu="Langage">
      <TITRE>Langage</TITRE>
      <DOCUMENTATION>
        Définition du langage XML associé à la configuration
      </DOCUMENTATION>
    </STRINGS_MENU>
    <STRINGS_MENU menu="Enregistrement">
      <TITRE>Enregistrement</TITRE>
      <DOCUMENTATION>
        Options d'enregistrement
      </DOCUMENTATION>
    </STRINGS_MENU>
    <STRINGS_MENU menu="Menus">
      <TITRE>Menus</TITRE>
      <DOCUMENTATION>
        Définition des menus d'insertion des nœuds
      </DOCUMENTATION>
    </STRINGS_MENU>
    <STRINGS_MENU menu="Affichage">
      <TITRE>Affichage</TITRE>
      <DOCUMENTATION>
        Affichage des éléments dans Jaxe
      </DOCUMENTATION>
    </STRINGS_MENU>
    <STRINGS_MENU menu="Textes">
      <TITRE>Textes</TITRE>
      <DOCUMENTATION>
        Textes à utiliser pour afficher les menus et les éléments
      </DOCUMENTATION>
    </STRINGS_MENU>
    
    <STRINGS_ELEMENT element="CONFIG_JAXE">
      <TITRE>Configuration Jaxe</TITRE>
      <DOCUMENTATION>
        Racine de la configuration
      </DOCUMENTATION>
    </STRINGS_ELEMENT>
    <STRINGS_ELEMENT element="LANGAGE">
      <TITRE>Langage</TITRE>
      <DOCUMENTATION>
        Informations sur le langage XML
      </DOCUMENTATION>
    </STRINGS_ELEMENT>
    <STRINGS_ELEMENT element="FICHIER_SCHEMA">
      <TITRE>Fichier du schéma XML</TITRE>
      <DOCUMENTATION>
        Fichier de schéma W3C
      </DOCUMENTATION>
      <STRINGS_ATTRIBUT attribut="nom">
        <TITRE>nom</TITRE>
        <DOCUMENTATION>
          Chemin vers le fichier du schéma XML, relatif à ce fichier de configuration
        </DOCUMENTATION>
      </STRINGS_ATTRIBUT>
    </STRINGS_ELEMENT>
    <STRINGS_ELEMENT element="RACINE">
      <TITRE>Racine</TITRE>
      <DOCUMENTATION>
        Indique un élément racine possible pour le langage XML
      </DOCUMENTATION>
      <STRINGS_ATTRIBUT attribut="element">
        <TITRE>element</TITRE>
        <DOCUMENTATION>
          Le nom de l'élément racine
        </DOCUMENTATION>
      </STRINGS_ATTRIBUT>
    </STRINGS_ELEMENT>
    <STRINGS_ELEMENT element="ENREGISTREMENT">
      <TITRE>Enregistrement</TITRE>
      <DOCUMENTATION>
        Informations relatives à l'enregistrement des fichiers XML
      </DOCUMENTATION>
    </STRINGS_ELEMENT>
    <STRINGS_ELEMENT element="ENCODAGE">
      <TITRE>Encodage</TITRE>
      <DOCUMENTATION>
        Encodage des caractères pour les nouveaux documents. Par défaut UTF-8 est utilisé.
      </DOCUMENTATION>
    </STRINGS_ELEMENT>
    <STRINGS_ELEMENT element="DOCTYPE">
      <TITRE>Doctype</TITRE>
      <DOCUMENTATION>
        Définition du type de document.
      </DOCUMENTATION>
      <STRINGS_ATTRIBUT attribut="publicId">
        <TITRE>publicId</TITRE>
      </STRINGS_ATTRIBUT>
      <STRINGS_ATTRIBUT attribut="systemId">
        <TITRE>systemId</TITRE>
      </STRINGS_ATTRIBUT>
    </STRINGS_ELEMENT>
    <STRINGS_ELEMENT element="SCHEMALOCATION">
      <TITRE>SchemaLocation</TITRE>
      <DOCUMENTATION>
        Enregistrement de l'emplacement du schéma XML dans les fichiers XML.
      </DOCUMENTATION>
      <STRINGS_ATTRIBUT attribut="schemaLocation">
        <TITRE>schemaLocation</TITRE>
        <DOCUMENTATION>
          L'attribut schemaLocation contient des paires de valeurs : le premier membre de chaque paire est l'espace de noms et le second membre est l'emplacement recommandé où trouver le schéma approprié.
        </DOCUMENTATION>
      </STRINGS_ATTRIBUT>
      <STRINGS_ATTRIBUT attribut="noNamespaceSchemaLocation">
        <TITRE>noNamespaceSchemaLocation</TITRE>
        <DOCUMENTATION>
          Un schéma n'est pas obligé d'avoir un espace de noms. L'attribut noNamespaceSchemaLocation sert alors à fournir aux programmes de traitement des informations sur les emplacements des schémas qui n'ont pas d'espace de noms cible.
        </DOCUMENTATION>
      </STRINGS_ATTRIBUT>
    </STRINGS_ELEMENT>
    <STRINGS_ELEMENT element="PREFIXE_ESPACE">
      <TITRE>Préfixe espace</TITRE>
      <DOCUMENTATION>
        Préfixe à utiliser pour un espace de noms donné
      </DOCUMENTATION>
      <STRINGS_ATTRIBUT attribut="prefixe">
        <TITRE>prefixe</TITRE>
        <DOCUMENTATION>
          Le préfixe à utiliser
        </DOCUMENTATION>
      </STRINGS_ATTRIBUT>
      <STRINGS_ATTRIBUT attribut="uri">
        <TITRE>uri</TITRE>
        <DOCUMENTATION>
          L'espace de noms correspondant
        </DOCUMENTATION>
      </STRINGS_ATTRIBUT>
    </STRINGS_ELEMENT>
    <STRINGS_ELEMENT element="MENUS">
      <TITRE>Menus</TITRE>
      <DOCUMENTATION>
        Définition d'une barre de menus utilisables dans Jaxe pour insérer des éléments
      </DOCUMENTATION>
    </STRINGS_ELEMENT>
    <STRINGS_ELEMENT element="MENU">
      <TITRE>Menu</TITRE>
      <DOCUMENTATION>
        Un menu pour insérer de nouveaux éléments
      </DOCUMENTATION>
      <STRINGS_ATTRIBUT attribut="nom">
        <TITRE>nom</TITRE>
        <DOCUMENTATION>
          Nom du menu, utilisé pour le référencer quand on défini le titre.
          Le nom est utilisé comme titre si aucun titre n'est défini.
          Attention à éviter les noms des éléments pour éviter les ambiguïtés dans les titres des menus.
        </DOCUMENTATION>
      </STRINGS_ATTRIBUT>
    </STRINGS_ELEMENT>
    <STRINGS_ELEMENT element="MENU_INSERTION">
      <TITRE>Menu d'insertion</TITRE>
      <DOCUMENTATION>
        Menu permettant d'insérer un noeud dans le document, c'est à dire un élément XML,
        une instruction de traitement, ou un commentaire XML.
      </DOCUMENTATION>
      <STRINGS_ATTRIBUT attribut="nom">
        <TITRE>nom</TITRE>
        <DOCUMENTATION>
          Le nom du noeud. Est aussi utilisé comme référence pour définir un titre.
          Le nom est utilisé comme titre du menu si aucun titre n'est défini.
        </DOCUMENTATION>
      </STRINGS_ATTRIBUT>
      <STRINGS_ATTRIBUT attribut="type_noeud">
        <TITRE>type_noeud</TITRE>
        <DOCUMENTATION>
          Type de noeud XML
        </DOCUMENTATION>
      </STRINGS_ATTRIBUT>
      <STRINGS_ATTRIBUT attribut="raccourci">
        <TITRE>raccourci</TITRE>
        <DOCUMENTATION>
          Raccourci clavier pour le menu
        </DOCUMENTATION>
      </STRINGS_ATTRIBUT>
    </STRINGS_ELEMENT>
    <STRINGS_ELEMENT element="MENU_FONCTION">
      <TITRE>Menu de fonction</TITRE>
      <DOCUMENTATION>
        Menu permettant d'utiliser une fonction prédéfinie ou définie en plugin
      </DOCUMENTATION>
      <STRINGS_ATTRIBUT attribut="nom">
        <TITRE>nom</TITRE>
        <DOCUMENTATION>
          Le nom donné à la fonction. Utilisé comme référence pour définir un titre.
          Le nom est utilisé comme titre du menu si aucun titre n'est défini.
          Attention à éviter les noms des éléments pour éviter les ambiguïtés dans les titres des menus.
        </DOCUMENTATION>
      </STRINGS_ATTRIBUT>
      <STRINGS_ATTRIBUT attribut="classe">
        <TITRE>classe</TITRE>
        <DOCUMENTATION>
          La classe Java de la fonction
        </DOCUMENTATION>
      </STRINGS_ATTRIBUT>
      <STRINGS_ATTRIBUT attribut="raccourci">
        <TITRE>raccourci</TITRE>
        <DOCUMENTATION>
          Raccourci clavier pour le menu
        </DOCUMENTATION>
      </STRINGS_ATTRIBUT>
    </STRINGS_ELEMENT>
    <STRINGS_ELEMENT element="PARAMETRE">
      <TITRE>Paramètre</TITRE>
      <DOCUMENTATION>
        Un paramètre (paire nom/valeur)
      </DOCUMENTATION>
      <STRINGS_ATTRIBUT attribut="nom">
        <TITRE>nom</TITRE>
      </STRINGS_ATTRIBUT>
      <STRINGS_ATTRIBUT attribut="valeur">
        <TITRE>valeur</TITRE>
      </STRINGS_ATTRIBUT>
    </STRINGS_ELEMENT>
    <STRINGS_ELEMENT element="SEPARATEUR">
      <TITRE>Séparateur</TITRE>
      <DOCUMENTATION>
        Un séparateur de menus
      </DOCUMENTATION>
    </STRINGS_ELEMENT>
    <STRINGS_ELEMENT element="AFFICHAGE_NOEUDS">
      <TITRE>Affichage</TITRE>
      <DOCUMENTATION>
        Indique les types d'affichage à utiliser pour afficher les noeuds des documents XML
      </DOCUMENTATION>
    </STRINGS_ELEMENT>
    <STRINGS_ELEMENT element="AFFICHAGE_ELEMENT">
      <TITRE>Affichage d'élément</TITRE>
      <DOCUMENTATION>
        Indique la façon d'afficher un élément XML.
        Se référer à la documentation pour voir à quoi les valeurs de types correspondent,
        et quels paramètres peuvent être utilisés en fonction du type.
      </DOCUMENTATION>
      <STRINGS_ATTRIBUT attribut="element">
        <TITRE>element</TITRE>
        <DOCUMENTATION>
          Nom de l'élément XML (il doit être défini dans le schéma)
        </DOCUMENTATION>
      </STRINGS_ATTRIBUT>
      <STRINGS_ATTRIBUT attribut="type">
        <TITRE>type</TITRE>
        <DOCUMENTATION>
          Type d'affichage de l'élément.
          Si un plugin est utilisé, des paramètres supplémentaires sont nécessaire.
        </DOCUMENTATION>
        <TITRE_VALEUR valeur="division">division</TITRE_VALEUR>
        <TITRE_VALEUR valeur="area">zone</TITRE_VALEUR>
        <TITRE_VALEUR valeur="string">string</TITRE_VALEUR>
        <TITRE_VALEUR valeur="table">table</TITRE_VALEUR>
        <TITRE_VALEUR valeur="simpletype">typesimple</TITRE_VALEUR>
        <TITRE_VALEUR valeur="style">style</TITRE_VALEUR>
        <TITRE_VALEUR valeur="file">fichier</TITRE_VALEUR>
        <TITRE_VALEUR valeur="symbol">symbole</TITRE_VALEUR>
        <TITRE_VALEUR valeur="equation">equation</TITRE_VALEUR>
        <TITRE_VALEUR valeur="form">formulaire</TITRE_VALEUR>
        <TITRE_VALEUR valeur="field">champ</TITRE_VALEUR>
        <TITRE_VALEUR valeur="empty">vide</TITRE_VALEUR>
        <TITRE_VALEUR valeur="anchor">ancre</TITRE_VALEUR>
        <TITRE_VALEUR valeur="equationmem">equationmem</TITRE_VALEUR>
        <TITRE_VALEUR valeur="equatexmem">equatexmem</TITRE_VALEUR>
        <TITRE_VALEUR valeur="hiddenp">para. caché</TITRE_VALEUR>
        <TITRE_VALEUR valeur="hiddendiv">div cachée</TITRE_VALEUR>
        <TITRE_VALEUR valeur="list">liste</TITRE_VALEUR>
        <TITRE_VALEUR valeur="item">item</TITRE_VALEUR>
        <TITRE_VALEUR valeur="wlist">liste WYSIWYG</TITRE_VALEUR>
        <TITRE_VALEUR valeur="witem">item WYSIWYG</TITRE_VALEUR>
        <TITRE_VALEUR valeur="stylespan">span de style</TITRE_VALEUR>
        <TITRE_VALEUR valeur="hr">hr</TITRE_VALEUR>
        <TITRE_VALEUR valeur="br">br</TITRE_VALEUR>
        <TITRE_VALEUR valeur="plugin">plugin</TITRE_VALEUR>
      </STRINGS_ATTRIBUT>
    </STRINGS_ELEMENT>
    <STRINGS_ELEMENT element="VALEUR_SUGGEREE">
      <TITRE>Valeur suggérée</TITRE>
      <DOCUMENTATION>
        Permet de proposer un choix de valeur à l'utilisateur, parmi les
        valeurs autorisées par le schéma.
      </DOCUMENTATION>
    </STRINGS_ELEMENT>
    <STRINGS_ELEMENT element="AFFICHAGE_ATTRIBUT">
      <TITRE>Affichage d'attribut</TITRE>
      <DOCUMENTATION>
        Indique la façon d'afficher un attribut de l'élément.
        Actuellement, permet juste de proposer des valeurs d'attributs quand les valeurs
        ne sont pas fixées par le schéma.
      </DOCUMENTATION>
      <STRINGS_ATTRIBUT attribut="attribut">
        <TITRE>attribut</TITRE>
        <DOCUMENTATION>
          Le nom de l'attribut (il doit être défini dans le schéma)
        </DOCUMENTATION>
      </STRINGS_ATTRIBUT>
    </STRINGS_ELEMENT>
    <STRINGS_ELEMENT element="PLUGIN_INSTRUCTION">
      <TITRE>Plugin PI</TITRE>
      <DOCUMENTATION>
        Un plugin à utiliser pour afficher les instructions de traitement
      </DOCUMENTATION>
      <STRINGS_ATTRIBUT attribut="cible">
        <TITRE>cible</TITRE>
        <DOCUMENTATION>
          Le cible de l'instruction de traitement (nom du noeud)
        </DOCUMENTATION>
      </STRINGS_ATTRIBUT>
    </STRINGS_ELEMENT>
    <STRINGS_ELEMENT element="PLUGIN_COMMENTAIRE">
      <TITRE>Plugin commentaires XML</TITRE>
      <DOCUMENTATION>
        Un plugin à utiliser pour afficher les commentaires
      </DOCUMENTATION>
    </STRINGS_ELEMENT>
    <STRINGS_ELEMENT element="STRINGS">
      <TITRE>Textes</TITRE>
      <DOCUMENTATION>
        Toutes les chaînes de caractères de l'interface,
        en fonction de la langue du système de l'utilisateur
        (titre des menus, documentation, ...)
      </DOCUMENTATION>
      <STRINGS_ATTRIBUT attribut="langue">
        <TITRE>langue</TITRE>
        <DOCUMENTATION>
          Le code de la langue avec laquelle les chaînes de caractères seront utilisées,
          suivant le format défini par la norme ISO-639 (2 lettres minuscules)
        </DOCUMENTATION>
      </STRINGS_ATTRIBUT>
      <STRINGS_ATTRIBUT attribut="pays">
        <TITRE>pays</TITRE>
        <DOCUMENTATION>
          Le code du pays avec lequel les chaînes de caractères seront utilisées,
          suivant le format défini par la norme ISO-3166 (2 lettres majuscules)
        </DOCUMENTATION>
      </STRINGS_ATTRIBUT>
    </STRINGS_ELEMENT>
    <STRINGS_ELEMENT element="DESCRIPTION_CONFIG">
      <TITRE>Description de la config</TITRE>
      <DOCUMENTATION>
        Brève description en une ligne de la configuration, utilisé pour le choix d'une configuration
      </DOCUMENTATION>
    </STRINGS_ELEMENT>
    <STRINGS_ELEMENT element="STRINGS_MENU">
      <TITRE>Textes pour menu</TITRE>
      <DOCUMENTATION>
        Titre et documentation pour un menu. Si aucun n'est défini, le titre et la documentation
        de l'élément seront utilisés pour le menu d'insertion de cet élément.
      </DOCUMENTATION>
      <STRINGS_ATTRIBUT attribut="menu">
        <TITRE>menu</TITRE>
        <DOCUMENTATION>
          Le nom du menu, de l'élément à insérer, ou de la fonction à exécuter avec le menu.
        </DOCUMENTATION>
      </STRINGS_ATTRIBUT>
    </STRINGS_ELEMENT>
    <STRINGS_ELEMENT element="TITRE">
      <TITRE>Titre</TITRE>
      <DOCUMENTATION>
        Un titre
      </DOCUMENTATION>
    </STRINGS_ELEMENT>
    <STRINGS_ELEMENT element="DOCUMENTATION">
      <TITRE>Documentation</TITRE>
      <DOCUMENTATION>
        Un petit texte de documentation, qui servira comme aide en ligne
      </DOCUMENTATION>
    </STRINGS_ELEMENT>
    <STRINGS_ELEMENT element="STRINGS_ELEMENT">
      <TITRE>Textes pour élément</TITRE>
      <DOCUMENTATION>
        Titre et documentation pour un élément.
        Utilisé pour le menu d'insertion, mais aussi pour l'affichage de l'élément si
        l'option correspondante est activée dans AFFICHAGE_NOEUDS.
      </DOCUMENTATION>
      <STRINGS_ATTRIBUT attribut="element">
        <TITRE>element</TITRE>
        <DOCUMENTATION>
          Le nom de l'élément XML
        </DOCUMENTATION>
      </STRINGS_ATTRIBUT>
    </STRINGS_ELEMENT>
    <STRINGS_ELEMENT element="STRINGS_ATTRIBUT">
      <TITRE>Textes pour attribut</TITRE>
      <DOCUMENTATION>
        Titre et documentation pour un attribut.
        Des titres peuvent aussi être définis pour les valeurs d'attribut.
      </DOCUMENTATION>
      <STRINGS_ATTRIBUT attribut="attribut">
        <TITRE>attribut</TITRE>
        <DOCUMENTATION>
          Le nom de l'attribut
        </DOCUMENTATION>
      </STRINGS_ATTRIBUT>
    </STRINGS_ELEMENT>
    <STRINGS_ELEMENT element="TITRE_VALEUR">
      <TITRE>Titre pour valeur</TITRE>
      <DOCUMENTATION>
        Titre à utiliser pour une valeur d'élément ou d'attribut
      </DOCUMENTATION>
    </STRINGS_ELEMENT>
    
    <STRINGS_EXPORT export="tri">
      <TITRE>Tri des affichages et des strings...</TITRE>
      <DOCUMENTATION>
        Crée un nouveau fichier XML de configuration, en triant les affichages des éléments et les strings en fonction de l'ordre des menus.
      </DOCUMENTATION>
    </STRINGS_EXPORT>
  </STRINGS>
  
  <STRINGS langue="en">
    <DESCRIPTION_CONFIG>Jaxe configuration</DESCRIPTION_CONFIG>
    
    <STRINGS_MENU menu="Langage">
      <TITRE>Language</TITRE>
      <DOCUMENTATION>
        Informations about the XML language
      </DOCUMENTATION>
    </STRINGS_MENU>
    <STRINGS_MENU menu="Enregistrement">
      <TITRE>Saving</TITRE>
      <DOCUMENTATION>
        Options when saving the documents
      </DOCUMENTATION>
    </STRINGS_MENU>
    <STRINGS_MENU menu="Menus">
      <TITRE>Menus</TITRE>
      <DOCUMENTATION>
        Menus to insert nodes
      </DOCUMENTATION>
    </STRINGS_MENU>
    <STRINGS_MENU menu="Affichage">
      <TITRE>Display</TITRE>
      <DOCUMENTATION>
        Nodes display
      </DOCUMENTATION>
    </STRINGS_MENU>
    <STRINGS_MENU menu="Textes">
      <TITRE>Strings</TITRE>
      <DOCUMENTATION>
        Strings to use to display menus and elements
      </DOCUMENTATION>
    </STRINGS_MENU>
    
    <STRINGS_ELEMENT element="CONFIG_JAXE">
      <TITRE>Jaxe configuration</TITRE>
      <DOCUMENTATION>
        Root for the configuration
      </DOCUMENTATION>
    </STRINGS_ELEMENT>
    <STRINGS_ELEMENT element="LANGAGE">
      <TITRE>Language</TITRE>
      <DOCUMENTATION>
        Information about the XML language
      </DOCUMENTATION>
    </STRINGS_ELEMENT>
    <STRINGS_ELEMENT element="FICHIER_SCHEMA">
      <TITRE>XML schema file</TITRE>
      <DOCUMENTATION>
        W3C schema file
      </DOCUMENTATION>
      <STRINGS_ATTRIBUT attribut="nom">
        <TITRE>name</TITRE>
        <DOCUMENTATION>
          Path to the XML schema file, relative to this configuration file
        </DOCUMENTATION>
      </STRINGS_ATTRIBUT>
    </STRINGS_ELEMENT>
    <STRINGS_ELEMENT element="RACINE">
      <TITRE>Root</TITRE>
      <DOCUMENTATION>
        Specifies a possible root element for the XML language
      </DOCUMENTATION>
      <STRINGS_ATTRIBUT attribut="element">
        <TITRE>element</TITRE>
        <DOCUMENTATION>
          The name of the root element
        </DOCUMENTATION>
      </STRINGS_ATTRIBUT>
    </STRINGS_ELEMENT>
    <STRINGS_ELEMENT element="ENREGISTREMENT">
      <TITRE>Saving</TITRE>
      <DOCUMENTATION>
        Informations about the way XML documents are saved
      </DOCUMENTATION>
    </STRINGS_ELEMENT>
    <STRINGS_ELEMENT element="ENCODAGE">
      <TITRE>Encoding</TITRE>
      <DOCUMENTATION>
        Character encoding for new documents. UTF-8 is used by default.
      </DOCUMENTATION>
    </STRINGS_ELEMENT>
    <STRINGS_ELEMENT element="DOCTYPE">
      <TITRE>Doctype</TITRE>
      <DOCUMENTATION>
        Document type definition
      </DOCUMENTATION>
      <STRINGS_ATTRIBUT attribut="publicId">
        <TITRE>publicId</TITRE>
      </STRINGS_ATTRIBUT>
      <STRINGS_ATTRIBUT attribut="systemId">
        <TITRE>systemId</TITRE>
      </STRINGS_ATTRIBUT>
    </STRINGS_ELEMENT>
    <STRINGS_ELEMENT element="SCHEMALOCATION">
      <TITRE>SchemaLocation</TITRE>
      <DOCUMENTATION>
        To save the location of the XML schema in XML documents.
      </DOCUMENTATION>
      <STRINGS_ATTRIBUT attribut="schemaLocation">
        <TITRE>schemaLocation</TITRE>
        <DOCUMENTATION>
          The schemaLocation attribute value consists of one or more pairs of URI references, separated by white space. The first member of each pair is a namespace name, and the second member of the pair is a hint describing where to find an appropriate schema document for that namespace.
        </DOCUMENTATION>
      </STRINGS_ATTRIBUT>
      <STRINGS_ATTRIBUT attribut="noNamespaceSchemaLocation">
        <TITRE>noNamespaceSchemaLocation</TITRE>
        <DOCUMENTATION>
          A schema is not required to have a namespace and so there is a noNamespaceSchemaLocation attribute which is used to provide hints for the locations of schema documents that do not have target namespaces.
        </DOCUMENTATION>
      </STRINGS_ATTRIBUT>
    </STRINGS_ELEMENT>
    <STRINGS_ELEMENT element="PREFIXE_ESPACE">
      <TITRE>Namespace prefix</TITRE>
      <DOCUMENTATION>
        Prefix to use for a given namespace
      </DOCUMENTATION>
      <STRINGS_ATTRIBUT attribut="prefixe">
        <TITRE>prefix</TITRE>
        <DOCUMENTATION>
          Prefix to use
        </DOCUMENTATION>
      </STRINGS_ATTRIBUT>
      <STRINGS_ATTRIBUT attribut="uri">
        <TITRE>uri</TITRE>
        <DOCUMENTATION>
          The corresponding namespace
        </DOCUMENTATION>
      </STRINGS_ATTRIBUT>
    </STRINGS_ELEMENT>
    <STRINGS_ELEMENT element="MENUS">
      <TITRE>Menus</TITRE>
      <DOCUMENTATION>
        Definition of a menubar to insert new elements in Jaxe
      </DOCUMENTATION>
    </STRINGS_ELEMENT>
    <STRINGS_ELEMENT element="MENU">
      <TITRE>Menu</TITRE>
      <DOCUMENTATION>
        A menu to insert new elements and other nodes
      </DOCUMENTATION>
      <STRINGS_ATTRIBUT attribut="nom">
        <TITRE>name</TITRE>
        <DOCUMENTATION>
          Menu name, used to refer to the menu when a title is defined.
          The name is used as a title if no title is defined.
          Beware to avoid using element names, to avoid ambiguities in the menu titles.
        </DOCUMENTATION>
      </STRINGS_ATTRIBUT>
    </STRINGS_ELEMENT>
    <STRINGS_ELEMENT element="MENU_INSERTION">
      <TITRE>Insertion menu</TITRE>
      <DOCUMENTATION>
        Menu to insert a node into the document (XML elements,
        processing instructions, or XML comments)
      </DOCUMENTATION>
      <STRINGS_ATTRIBUT attribut="nom">
        <TITRE>name</TITRE>
        <DOCUMENTATION>
          The name of the node. Is also used as a reference to define a title.
          The name is used as a title if no title is defined.
        </DOCUMENTATION>
      </STRINGS_ATTRIBUT>
      <STRINGS_ATTRIBUT attribut="type_noeud">
        <TITRE>node type</TITRE>
        <DOCUMENTATION>
          Type of XML node
        </DOCUMENTATION>
        <TITRE_VALEUR valeur="element">element</TITRE_VALEUR>
        <TITRE_VALEUR valeur="instruction">instruction</TITRE_VALEUR>
        <TITRE_VALEUR valeur="commentaire">comment</TITRE_VALEUR>
      </STRINGS_ATTRIBUT>
      <STRINGS_ATTRIBUT attribut="raccourci">
        <TITRE>shortcut</TITRE>
        <DOCUMENTATION>
          Keyboard shortcut for the menu
        </DOCUMENTATION>
      </STRINGS_ATTRIBUT>
    </STRINGS_ELEMENT>
    <STRINGS_ELEMENT element="MENU_FONCTION">
      <TITRE>Function menu</TITRE>
      <DOCUMENTATION>
        Menu to use a predefined function, or a function defined in a plugin
      </DOCUMENTATION>
      <STRINGS_ATTRIBUT attribut="nom">
        <TITRE>name</TITRE>
        <DOCUMENTATION>
          The function name. Used as a reference to define a title.
          The name is used as a title if no title is defined.
          Beware to avoid using element names, to avoid ambiguities in the menu titles.
        </DOCUMENTATION>
      </STRINGS_ATTRIBUT>
      <STRINGS_ATTRIBUT attribut="classe">
        <TITRE>class</TITRE>
        <DOCUMENTATION>
          Java class of the function
        </DOCUMENTATION>
      </STRINGS_ATTRIBUT>
      <STRINGS_ATTRIBUT attribut="raccourci">
        <TITRE>shortcut</TITRE>
        <DOCUMENTATION>
          Keyboard shortcut for the menu
        </DOCUMENTATION>
      </STRINGS_ATTRIBUT>
    </STRINGS_ELEMENT>
    <STRINGS_ELEMENT element="PARAMETRE">
      <TITRE>Parameter</TITRE>
      <DOCUMENTATION>
        Parameter (pair name/value)
      </DOCUMENTATION>
      <STRINGS_ATTRIBUT attribut="nom">
        <TITRE>name</TITRE>
      </STRINGS_ATTRIBUT>
      <STRINGS_ATTRIBUT attribut="valeur">
        <TITRE>value</TITRE>
      </STRINGS_ATTRIBUT>
    </STRINGS_ELEMENT>
    <STRINGS_ELEMENT element="SEPARATEUR">
      <TITRE>Separator</TITRE>
      <DOCUMENTATION>
        Menu separator
      </DOCUMENTATION>
    </STRINGS_ELEMENT>
    <STRINGS_ELEMENT element="AFFICHAGE_NOEUDS">
      <TITRE>Display</TITRE>
      <DOCUMENTATION>
        Specifies the types to use to display XML document nodes
      </DOCUMENTATION>
    </STRINGS_ELEMENT>
    <STRINGS_ELEMENT element="AFFICHAGE_ELEMENT">
      <TITRE>Element display</TITRE>
      <DOCUMENTATION>
        Specifies how an XML element is displayed in Jaxe.
        Please refer to the documentation to see what the type values refer to,
        and what parameters can be used depending on the type.
      </DOCUMENTATION>
      <STRINGS_ATTRIBUT attribut="element">
        <TITRE>element</TITRE>
        <DOCUMENTATION>
          Element name (must be defined in the schema)
        </DOCUMENTATION>
      </STRINGS_ATTRIBUT>
      <STRINGS_ATTRIBUT attribut="type">
        <TITRE>type</TITRE>
        <DOCUMENTATION>
          Display type for the element.
          Parameters are required for certain display types.
        </DOCUMENTATION>
        <TITRE_VALEUR valeur="wlist">WYSIWYG list</TITRE_VALEUR>
        <TITRE_VALEUR valeur="witem">WYSIWYG item</TITRE_VALEUR>
      </STRINGS_ATTRIBUT>
    </STRINGS_ELEMENT>
    <STRINGS_ELEMENT element="VALEUR_SUGGEREE">
      <TITRE>Suggested value</TITRE>
      <DOCUMENTATION>
        Used to suggest a choice of values to the user,
        among the values authorized by the schema.
      </DOCUMENTATION>
    </STRINGS_ELEMENT>
    <STRINGS_ELEMENT element="AFFICHAGE_ATTRIBUT">
      <TITRE>Attribute display</TITRE>
      <DOCUMENTATION>
        Specifies how to display an attribute.
        Currently, only supports attribute values that can be suggested when
        the values are not fixed by the schema.
      </DOCUMENTATION>
      <STRINGS_ATTRIBUT attribut="attribut">
        <TITRE>attribute</TITRE>
        <DOCUMENTATION>
          Attribute name (must be defined in the schema)
        </DOCUMENTATION>
      </STRINGS_ATTRIBUT>
    </STRINGS_ELEMENT>
    <STRINGS_ELEMENT element="PLUGIN_INSTRUCTION">
      <TITRE>PI plugin</TITRE>
      <DOCUMENTATION>
        Plugin to use to display processing instructions
      </DOCUMENTATION>
      <STRINGS_ATTRIBUT attribut="cible">
        <TITRE>target</TITRE>
        <DOCUMENTATION>
          Processing instruction target (name of the node)
        </DOCUMENTATION>
      </STRINGS_ATTRIBUT>
    </STRINGS_ELEMENT>
    <STRINGS_ELEMENT element="PLUGIN_COMMENTAIRE">
      <TITRE>XML comment plugin</TITRE>
      <DOCUMENTATION>
        Plugin to use to display XML comments
      </DOCUMENTATION>
    </STRINGS_ELEMENT>
    <STRINGS_ELEMENT element="STRINGS">
      <TITRE>Strings</TITRE>
      <DOCUMENTATION>
        All the user interface strings, depending on the system's language
        (menu titles, documentation, ...)
      </DOCUMENTATION>
      <STRINGS_ATTRIBUT attribut="langue">
        <TITRE>language</TITRE>
        <DOCUMENTATION>
          Language code for the strings,
          with the format defined by ISO-639 (2 lowercase letters)
        </DOCUMENTATION>
      </STRINGS_ATTRIBUT>
      <STRINGS_ATTRIBUT attribut="pays">
        <TITRE>country</TITRE>
        <DOCUMENTATION>
          Country code for the strings,
          with the format defined by ISO-3166 (2 uppercase letters)
        </DOCUMENTATION>
      </STRINGS_ATTRIBUT>
    </STRINGS_ELEMENT>
    <STRINGS_ELEMENT element="DESCRIPTION_CONFIG">
      <TITRE>Configuration description</TITRE>
      <DOCUMENTATION>
        Brief one line description of the configuration, used to choose a configuration for new documents
      </DOCUMENTATION>
    </STRINGS_ELEMENT>
    <STRINGS_ELEMENT element="STRINGS_MENU">
      <TITRE>Menu strings</TITRE>
      <DOCUMENTATION>
        Title and documentation for a menu. If none are defined, the title and documentation
        of the element will be used for this element's insertion menu.
      </DOCUMENTATION>
      <STRINGS_ATTRIBUT attribut="menu">
        <TITRE>menu</TITRE>
        <DOCUMENTATION>
          Name of the menu
        </DOCUMENTATION>
      </STRINGS_ATTRIBUT>
    </STRINGS_ELEMENT>
    <STRINGS_ELEMENT element="TITRE">
      <TITRE>Title</TITRE>
      <DOCUMENTATION>
        Title
      </DOCUMENTATION>
    </STRINGS_ELEMENT>
    <STRINGS_ELEMENT element="DOCUMENTATION">
      <TITRE>Documentation</TITRE>
      <DOCUMENTATION>
        A short documentation text, that will be used for online help
      </DOCUMENTATION>
    </STRINGS_ELEMENT>
    <STRINGS_ELEMENT element="STRINGS_ELEMENT">
      <TITRE>Element strings</TITRE>
      <DOCUMENTATION>
        Title and documentation for an element.
        Used to display the element, and also for the insertion menu if
        no title is defined for the menu.
      </DOCUMENTATION>
      <STRINGS_ATTRIBUT attribut="element">
        <TITRE>element</TITRE>
        <DOCUMENTATION>
          Name of the element
        </DOCUMENTATION>
      </STRINGS_ATTRIBUT>
    </STRINGS_ELEMENT>
    <STRINGS_ELEMENT element="STRINGS_ATTRIBUT">
      <TITRE>Attribute strings</TITRE>
      <DOCUMENTATION>
        Title and documentation for an attribute.
        Titles can also be defined for attribute values.
      </DOCUMENTATION>
      <STRINGS_ATTRIBUT attribut="attribut">
        <TITRE>attribute</TITRE>
        <DOCUMENTATION>
          Name of the attribute
        </DOCUMENTATION>
      </STRINGS_ATTRIBUT>
    </STRINGS_ELEMENT>
    <STRINGS_ELEMENT element="TITRE_VALEUR">
      <TITRE>Title for value</TITRE>
      <DOCUMENTATION>
        Title to use for an element or attribute value
      </DOCUMENTATION>
    </STRINGS_ELEMENT>
    
    <STRINGS_EXPORT export="tri">
      <TITRE>Sort node display and strings...</TITRE>
      <DOCUMENTATION>
        Create a new configuration file, by sorting the node display and strings based on the ordre of the menus.
      </DOCUMENTATION>
    </STRINGS_EXPORT>
  </STRINGS>
  
  
  
  <STRINGS langue="ru">
    <DESCRIPTION_CONFIG>Конфигурация Jaxe</DESCRIPTION_CONFIG>
    
    <STRINGS_MENU menu="Langage">
      <TITRE>Язык</TITRE>
      <DOCUMENTATION>
        Информация о языке XML, который определяется в данном конфигурационном файле.
      </DOCUMENTATION>
    </STRINGS_MENU>
    <STRINGS_MENU menu="Enregistrement">
      <TITRE>Сохранение</TITRE>
      <DOCUMENTATION>
        Опции, определяющие, как будет сохраняться документ.
      </DOCUMENTATION>
    </STRINGS_MENU>
    <STRINGS_MENU menu="Menus">
      <TITRE>Меню</TITRE>
      <DOCUMENTATION>
        Во время редактирования файла меню элементов стрится динамически
        на основании настроек в файле конфигурации. 
      </DOCUMENTATION>
    </STRINGS_MENU>
    <STRINGS_MENU menu="Affichage">
      <TITRE>Вид элементов</TITRE>
      <DOCUMENTATION>
        Здесь возможно настроить внешний вид элементов в самом окне текста.
      </DOCUMENTATION>
    </STRINGS_MENU>
    <STRINGS_MENU menu="Textes">
      <TITRE>Описания</TITRE>
      <DOCUMENTATION>
        Описания используются, чтобы показывать пользователю документацию, 
        называния меню и элементов в локализованном виде.
      </DOCUMENTATION>
    </STRINGS_MENU>
    
    <STRINGS_ELEMENT element="CONFIG_JAXE">
      <TITRE>Конфигурация Jaxe</TITRE>
      <DOCUMENTATION>
        Корень конфигурации
      </DOCUMENTATION>
    </STRINGS_ELEMENT>
    <STRINGS_ELEMENT element="LANGAGE">
      <TITRE>Язык</TITRE>
      <DOCUMENTATION>
        Информация о языке XML
      </DOCUMENTATION>
    </STRINGS_ELEMENT>
    <STRINGS_ELEMENT element="FICHIER_SCHEMA">
      <TITRE>Файл W3C schema</TITRE>
      <DOCUMENTATION>
        Внешний файл W3C schema, определяющий структуру языка XML.
      </DOCUMENTATION>
      <STRINGS_ATTRIBUT attribut="nom">
        <TITRE>Имя/путь</TITRE>
        <DOCUMENTATION>
          Путь до файла схемы относительного файла конфигурации.
        </DOCUMENTATION>
      </STRINGS_ATTRIBUT>
    </STRINGS_ELEMENT>
    <STRINGS_ELEMENT element="RACINE">
      <TITRE>Кореневой элемент</TITRE>
      <DOCUMENTATION>
        Корневой элемент для настраиваемого языка XML.
      </DOCUMENTATION>
      <STRINGS_ATTRIBUT attribut="element">
        <TITRE>Элемент</TITRE>
        <DOCUMENTATION>
          Имя корневого элемента
        </DOCUMENTATION>
      </STRINGS_ATTRIBUT>
    </STRINGS_ELEMENT>
    <STRINGS_ELEMENT element="ENREGISTREMENT">
      <TITRE>Опции сохранения</TITRE>
      <DOCUMENTATION>
        Опции, определяющие, как будет сохраняться XML документ в соответствии с 
        этим файлом конфигурации.
      </DOCUMENTATION>
    </STRINGS_ELEMENT>
    <STRINGS_ELEMENT element="ENCODAGE">
      <TITRE>Кодировка</TITRE>
      <DOCUMENTATION>
        Кодировка для новых документов. По умолчанию используется UTF-8.
      </DOCUMENTATION>
    </STRINGS_ELEMENT>
    <STRINGS_ELEMENT element="DOCTYPE">
      <TITRE>DOCTYPE документа</TITRE>
      <DOCUMENTATION>
        Определение DOCTYPE для документов, сформированных с помощью данного
        файла конфигурации.
      </DOCUMENTATION>
      <STRINGS_ATTRIBUT attribut="publicId">
        <TITRE>publicId</TITRE>
      </STRINGS_ATTRIBUT>
      <STRINGS_ATTRIBUT attribut="systemId">
        <TITRE>systemId</TITRE>
      </STRINGS_ATTRIBUT>
    </STRINGS_ELEMENT>
    <STRINGS_ELEMENT element="SCHEMALOCATION">
      <TITRE>SchemaLocation</TITRE>
      <STRINGS_ATTRIBUT attribut="schemaLocation">
        <TITRE>schemaLocation</TITRE>
      </STRINGS_ATTRIBUT>
      <STRINGS_ATTRIBUT attribut="noNamespaceSchemaLocation">
        <TITRE>noNamespaceSchemaLocation</TITRE>
      </STRINGS_ATTRIBUT>
    </STRINGS_ELEMENT>
    <STRINGS_ELEMENT element="PREFIXE_ESPACE">
      <TITRE>Префикс пространства имен</TITRE>
      <DOCUMENTATION>
        Определить префикс пространства имен, который будет присвоен ко всем файлам, 
        сформированным с помощью данного файла конфигурации.
      </DOCUMENTATION>
      <STRINGS_ATTRIBUT attribut="prefixe">
        <TITRE>Префикс</TITRE>
        <DOCUMENTATION>
          Prefix to use
        </DOCUMENTATION>
      </STRINGS_ATTRIBUT>
      <STRINGS_ATTRIBUT attribut="uri">
        <TITRE>uri</TITRE>
        <DOCUMENTATION>
          The corresponding namespace
        </DOCUMENTATION>
      </STRINGS_ATTRIBUT>
    </STRINGS_ELEMENT>
    <STRINGS_ELEMENT element="MENUS">
      <TITRE>Опции меню</TITRE>
      <DOCUMENTATION>
        Определение опций для меню, с помощью которого пользователь сможет вставлять 
        элементы в формируемый документ и вызывать кастомизированные функции.
      </DOCUMENTATION>
    </STRINGS_ELEMENT>
    <STRINGS_ELEMENT element="MENU">
      <TITRE>Доб. элемент</TITRE>
      <DOCUMENTATION>
        Добавление нового элемента и других узлов.
      </DOCUMENTATION>
      <STRINGS_ATTRIBUT attribut="nom">
        <TITRE>Имя</TITRE>
        <DOCUMENTATION>
          Menu name, used to refer to the menu when a title is defined.
          The name is used as a title if no title is defined.
          Beware to avoid using element names, to avoid ambiguities in the menu titles.
        </DOCUMENTATION>
      </STRINGS_ATTRIBUT>
    </STRINGS_ELEMENT>
    <STRINGS_ELEMENT element="MENU_INSERTION">
      <TITRE>Insertion menu</TITRE>
      <DOCUMENTATION>
        Menu to insert a node into the document (XML elements,
        processing instructions, or XML comments)
      </DOCUMENTATION>
      <STRINGS_ATTRIBUT attribut="nom">
        <TITRE>Имя</TITRE>
        <DOCUMENTATION>
          The name of the node. Is also used as a reference to define a title.
          The name is used as a title if no title is defined.
        </DOCUMENTATION>
      </STRINGS_ATTRIBUT>
      <STRINGS_ATTRIBUT attribut="type_noeud">
        <TITRE>Тип узла</TITRE>
        <DOCUMENTATION>
          Тип узла XML
        </DOCUMENTATION>
        <TITRE_VALEUR valeur="element">Элемент</TITRE_VALEUR>
        <TITRE_VALEUR valeur="instruction">Инструкция</TITRE_VALEUR>
        <TITRE_VALEUR valeur="commentaire">Комментарий</TITRE_VALEUR>
      </STRINGS_ATTRIBUT>
      <STRINGS_ATTRIBUT attribut="raccourci">
        <TITRE>Комбинация клавиш</TITRE>
        <DOCUMENTATION>
          Клавишная комбинация быстрого вызова, приводящая к вызову этого пункта меню.
        </DOCUMENTATION>
      </STRINGS_ATTRIBUT>
    </STRINGS_ELEMENT>
    <STRINGS_ELEMENT element="MENU_FONCTION">
      <TITRE>Доб. вызов функции</TITRE>
      <DOCUMENTATION>
        Добавление пункта меню, при выборе которого будет вызываться функция, 
        определенная как плагин.
      </DOCUMENTATION>
      <STRINGS_ATTRIBUT attribut="nom">
        <TITRE>Имя</TITRE>
        <DOCUMENTATION>
          The function name. Used as a reference to define a title.
          The name is used as a title if no title is defined.
          Beware to avoid using element names, to avoid ambiguities in the menu titles.
        </DOCUMENTATION>
      </STRINGS_ATTRIBUT>
      <STRINGS_ATTRIBUT attribut="classe">
        <TITRE>Класс</TITRE>
        <DOCUMENTATION>
          Java класс функции
        </DOCUMENTATION>
      </STRINGS_ATTRIBUT>
      <STRINGS_ATTRIBUT attribut="raccourci">
        <TITRE>Комбинация клавиш</TITRE>
        <DOCUMENTATION>
          Клавишная комбинация быстрого вызова, приводящая к вызову этого пункта меню.
        </DOCUMENTATION>
      </STRINGS_ATTRIBUT>
    </STRINGS_ELEMENT>
    <STRINGS_ELEMENT element="PARAMETRE">
      <TITRE>Параметр</TITRE>
      <DOCUMENTATION>
        Параметр в виде пары имя/значение
      </DOCUMENTATION>
      <STRINGS_ATTRIBUT attribut="nom">
        <TITRE>Имя</TITRE>
      </STRINGS_ATTRIBUT>
      <STRINGS_ATTRIBUT attribut="valeur">
        <TITRE>Значение</TITRE>
      </STRINGS_ATTRIBUT>
    </STRINGS_ELEMENT>
    <STRINGS_ELEMENT element="SEPARATEUR">
      <TITRE>Разделитель</TITRE>
      <DOCUMENTATION>
        С помощью разделителя можно добавить черту между пунктами меню.
      </DOCUMENTATION>
    </STRINGS_ELEMENT>
    <STRINGS_ELEMENT element="AFFICHAGE_NOEUDS">
      <TITRE>Опции вида</TITRE>
      <DOCUMENTATION>
        Опции, которые будут определять, как пользователь увидит элементы
        во время редактирования документа.
      </DOCUMENTATION>
    </STRINGS_ELEMENT>
    <STRINGS_ELEMENT element="AFFICHAGE_ELEMENT">
      <TITRE>Вид элемента</TITRE>
      <DOCUMENTATION>
        Определяет, как будет выглядеть XML элемент в Jaxe.
        Пожалуйста обратитесь к документации, чтобы понять, с какими типами 
        какие параметры могут применяться.
      </DOCUMENTATION>
      <STRINGS_ATTRIBUT attribut="element">
        <TITRE>Имя</TITRE>
        <DOCUMENTATION>
          Имя элемента. Сам элемент должен быть определен в схеме.
        </DOCUMENTATION>
      </STRINGS_ATTRIBUT>
      <STRINGS_ATTRIBUT attribut="type">
        <TITRE>Тип</TITRE>
        <DOCUMENTATION>
          Определяет тип элемента.
          Для ряда типов необходимо указать параметры. Обратитесь пожалуйста
          к документации, чтобы понять, какие параметры, какому типу соответствуют.
        </DOCUMENTATION>
      </STRINGS_ATTRIBUT>
    </STRINGS_ELEMENT>
    <STRINGS_ELEMENT element="VALEUR_SUGGEREE">
      <TITRE>Значения по-умолчанию</TITRE>
      <DOCUMENTATION>
        То значение из всех возможных, которое будет первым предложено пользователю.
      </DOCUMENTATION>
    </STRINGS_ELEMENT>
    <STRINGS_ELEMENT element="AFFICHAGE_ATTRIBUT">
      <TITRE>Вид атрибута</TITRE>
      <DOCUMENTATION>
        Определяет, как будет выглядеть атрибут.
        Currently, only supports attribute values that can be suggested when
        the values are not fixed by the schema.
      </DOCUMENTATION>
      <STRINGS_ATTRIBUT attribut="attribut">
        <TITRE>Атрибут</TITRE>
        <DOCUMENTATION>
          Имя атрибута (должно быть определено в схеме).
        </DOCUMENTATION>
      </STRINGS_ATTRIBUT>
    </STRINGS_ELEMENT>
    <STRINGS_ELEMENT element="PLUGIN_INSTRUCTION">
      <TITRE>Jaxe Plugin</TITRE>
      <DOCUMENTATION>
        Иногда видов стандартных элементов, поставляемых Jaxe-ом оказывается
        недостаточно. В такой ситуации у разработчика есть возможность создать 
        свои особые виды в форме класса, отнаследованного от "jaxe.Elements". 
        Подключается такой вид с помощью данной инструкции.
      </DOCUMENTATION>
      <STRINGS_ATTRIBUT attribut="cible">
        <TITRE>target</TITRE>
        <DOCUMENTATION>
          Processing instruction target (name of the node)
        </DOCUMENTATION>
      </STRINGS_ATTRIBUT>
    </STRINGS_ELEMENT>
    <STRINGS_ELEMENT element="PLUGIN_COMMENTAIRE">
      <TITRE>XML comment plugin</TITRE>
      <DOCUMENTATION>
        Plugin to use to display XML comments
      </DOCUMENTATION>
    </STRINGS_ELEMENT>
    <STRINGS_ELEMENT element="STRINGS">
      <TITRE>Опции описания</TITRE>
      <DOCUMENTATION>
        Все локализованные описания меню, заголовков, подсказок и т.п.
      </DOCUMENTATION>
      <STRINGS_ATTRIBUT attribut="langue">
        <TITRE>Язык</TITRE>
        <DOCUMENTATION>
          Код языка для описаний в формате ISO-639 (2 символа в нижнем регистре)
        </DOCUMENTATION>
      </STRINGS_ATTRIBUT>
      <STRINGS_ATTRIBUT attribut="pays">
        <TITRE>Страна</TITRE>
        <DOCUMENTATION>
          Код страны в формате ISO-3166 (2 символа в вернем регистре)
        </DOCUMENTATION>
      </STRINGS_ATTRIBUT>
    </STRINGS_ELEMENT>
    <STRINGS_ELEMENT element="DESCRIPTION_CONFIG">
      <TITRE>Описание файла настроек</TITRE>
      <DOCUMENTATION>
        Краткое описание, на которое будет ориентироваться пользователь, при 
        выборе настроек для нового документа.
      </DOCUMENTATION>
    </STRINGS_ELEMENT>
    <STRINGS_ELEMENT element="STRINGS_MENU">
      <TITRE>Описание меню</TITRE>
      <DOCUMENTATION>
        Заголовок и документация для меню. Если таковые не определены, то в 
        качестве заголовка и документации будут использованы соответствующие 
        из описания элемента.
      </DOCUMENTATION>
      <STRINGS_ATTRIBUT attribut="menu">
        <TITRE>Меню</TITRE>
        <DOCUMENTATION>
          Имя меню
        </DOCUMENTATION>
      </STRINGS_ATTRIBUT>
    </STRINGS_ELEMENT>
    <STRINGS_ELEMENT element="TITRE">
      <TITRE>Заголовок</TITRE>
      <DOCUMENTATION>
        Title
      </DOCUMENTATION>
    </STRINGS_ELEMENT>
    <STRINGS_ELEMENT element="DOCUMENTATION">
      <TITRE>Документация</TITRE>
      <DOCUMENTATION>
        Небольшое текстовое описание, которое будет использоваться 
        в качестве online подсказки.
      </DOCUMENTATION>
    </STRINGS_ELEMENT>
    <STRINGS_ELEMENT element="STRINGS_ELEMENT">
      <TITRE>Описание элемента</TITRE>
      <DOCUMENTATION>
        Заголовок и документация для элемента. Это описание используется как для 
        элемента, так и для меню, в случае, если в меню оно не переопределено.
      </DOCUMENTATION>
      <STRINGS_ATTRIBUT attribut="element">
        <TITRE>Элемент</TITRE>
        <DOCUMENTATION>
          Имя элемента
        </DOCUMENTATION>
      </STRINGS_ATTRIBUT>
    </STRINGS_ELEMENT>
    <STRINGS_ELEMENT element="STRINGS_ATTRIBUT">
      <TITRE>Описание атрибута</TITRE>
      <DOCUMENTATION>
        Title and documentation for an attribute.
        Titles can also be defined for attribute values.
      </DOCUMENTATION>
      <STRINGS_ATTRIBUT attribut="attribut">
        <TITRE>Атрибут</TITRE>
        <DOCUMENTATION>
          Имя атрибута
        </DOCUMENTATION>
      </STRINGS_ATTRIBUT>
    </STRINGS_ELEMENT>
    <STRINGS_ELEMENT element="TITRE_VALEUR">
      <TITRE>Текст значения</TITRE>
      <DOCUMENTATION>
        Текст, который будет виден для соответствующего значения атрибута или элемента
      </DOCUMENTATION>
    </STRINGS_ELEMENT>
  </STRINGS>
</CONFIG_JAXE>