<?xml version="1.0" encoding="UTF-8"?><DAXE_CONFIG>
<LANGUAGE>
<SCHEMA_FILE name="dita/schema/technicalContent/xsd/ditabase.xsd"/>
<ROOT element="dita"/>
<ROOT element="topic"/>
<ROOT element="concept"/>
<ROOT element="task"/>
<ROOT element="reference"/>
<ROOT element="glossentry"/>
<ROOT element="glossgroup"/>
</LANGUAGE>

<SAVING>
<DOCTYPE>-//OASIS//DTD DITA Composite//ENditabase.dtd</DOCTYPE>
</SAVING>

<MENUS>
<MENU name="Topic">
<INSERT_MENU name="dita"/>
<INSERT_MENU name="topic"/>
<INSERT_MENU name="title"/>
<INSERT_MENU name="titlealts"/>
<INSERT_MENU name="navtitle"/>
<INSERT_MENU name="searchtitle"/>
<INSERT_MENU name="shortdesc"/>
<INSERT_MENU name="abstract"/>
<INSERT_MENU name="body"/>
<INSERT_MENU name="bodydiv"/>
<INSERT_MENU name="section"/>
<INSERT_MENU name="sectiondiv"/>
<INSERT_MENU name="example"/>
<INSERT_MENU name="related-links"/>
</MENU>
<MENU name="Concept">
<INSERT_MENU name="concept"/>
<INSERT_MENU name="conbody"/>
</MENU>
<MENU name="Reference">
<INSERT_MENU name="reference"/>
<INSERT_MENU name="refbody"/>
<INSERT_MENU name="refsyn"/>
<INSERT_MENU name="properties"/>
<INSERT_MENU name="prophead"/>
<INSERT_MENU name="proptypehd"/>
<INSERT_MENU name="propvaluehd"/>
<INSERT_MENU name="propdeschd"/>
<INSERT_MENU name="property"/>
<INSERT_MENU name="proptype"/>
<INSERT_MENU name="propvalue"/>
<INSERT_MENU name="propdesc"/>
</MENU>
<MENU name="Task">
<INSERT_MENU name="task"/>
<INSERT_MENU name="taskbody"/>
<INSERT_MENU name="prereq"/>
<INSERT_MENU name="context"/>
<INSERT_MENU name="result"/>
<INSERT_MENU name="postreq"/>
<INSERT_MENU name="choice"/>
<INSERT_MENU name="step"/>
<INSERT_MENU name="stepsection"/>
<INSERT_MENU name="substep"/>
<INSERT_MENU name="steps-unordered"/>
<INSERT_MENU name="choices"/>
<INSERT_MENU name="steps"/>
<INSERT_MENU name="substeps"/>
<INSERT_MENU name="cmd"/>
<INSERT_MENU name="info"/>
<INSERT_MENU name="tutorialinfo"/>
<INSERT_MENU name="stepxmp"/>
<INSERT_MENU name="stepresult"/>
<INSERT_MENU name="choicetable"/>
<INSERT_MENU name="chhead"/>
<INSERT_MENU name="chrow"/>
<INSERT_MENU name="choptionhd"/>
<INSERT_MENU name="chdeschd"/>
<INSERT_MENU name="choption"/>
<INSERT_MENU name="chdesc"/>
<INSERT_MENU name="steps-informal"/>
</MENU>
<MENU name="Body">
<INSERT_MENU name="alt"/>
<INSERT_MENU name="cite"/>
<INSERT_MENU name="desc"/>
<INSERT_MENU name="dd"/>
<INSERT_MENU name="ddhd"/>
<INSERT_MENU name="dl"/>
<INSERT_MENU name="dlentry"/>
<INSERT_MENU name="dlhead"/>
<INSERT_MENU name="dt"/>
<INSERT_MENU name="dthd"/>
<INSERT_MENU name="fig"/>
<INSERT_MENU name="figgroup"/>
<INSERT_MENU name="image"/>
<INSERT_MENU name="keyword"/>
<INSERT_MENU name="li"/>
<INSERT_MENU name="lines"/>
<INSERT_MENU name="longdescref"/>
<INSERT_MENU name="longquoteref"/>
<INSERT_MENU name="lq"/>
<INSERT_MENU name="note"/>
<INSERT_MENU name="object"/>
<INSERT_MENU name="ol"/>
<INSERT_MENU name="p" shortcut="P"/>
<INSERT_MENU name="param"/>
<INSERT_MENU name="ph"/>
<INSERT_MENU name="pre"/>
<INSERT_MENU name="q"/>
<INSERT_MENU name="sl"/>
<INSERT_MENU name="sli"/>
<INSERT_MENU name="text"/>
<INSERT_MENU name="ul"/>
<INSERT_MENU name="xref"/>
</MENU>
<MENU name="Table">
<INSERT_MENU name="table"/>
<INSERT_MENU name="tgroup"/>
<INSERT_MENU name="colspec"/>
<INSERT_MENU name="thead"/>
<INSERT_MENU name="tbody"/>
<INSERT_MENU name="row"/>
<INSERT_MENU name="entry"/>
<SEPARATOR/>
<INSERT_MENU name="simpletable"/>
<INSERT_MENU name="sthead"/>
<INSERT_MENU name="strow"/>
<INSERT_MENU name="stentry"/>
</MENU>
<MENU name="Typo">
<INSERT_MENU name="b"/>
<INSERT_MENU name="i"/>
<INSERT_MENU name="u"/>
<INSERT_MENU name="tt"/>
<INSERT_MENU name="sup"/>
<INSERT_MENU name="sub"/>
</MENU>
<MENU name="Programming">
<INSERT_MENU name="codeph"/>
<INSERT_MENU name="codeblock"/>
<INSERT_MENU name="coderef"/>
<INSERT_MENU name="option"/>
<INSERT_MENU name="kwd"/>
<INSERT_MENU name="var"/>
<INSERT_MENU name="parmname"/>
<INSERT_MENU name="synph"/>
<INSERT_MENU name="oper"/>
<INSERT_MENU name="delim"/>
<INSERT_MENU name="sep"/>
<INSERT_MENU name="apiname"/>
<INSERT_MENU name="parml"/>
<INSERT_MENU name="plentry"/>
<INSERT_MENU name="pt"/>
<INSERT_MENU name="pd"/>
<INSERT_MENU name="syntaxdiagram"/>
<INSERT_MENU name="synblk"/>
<INSERT_MENU name="groupseq"/>
<INSERT_MENU name="groupchoice"/>
<INSERT_MENU name="groupcomp"/>
<INSERT_MENU name="fragment"/>
<INSERT_MENU name="fragref"/>
<INSERT_MENU name="synnote"/>
<INSERT_MENU name="synnoteref"/>
<INSERT_MENU name="repsep"/>
</MENU>
<MENU name="Software">
<INSERT_MENU name="msgph"/>
<INSERT_MENU name="msgblock"/>
<INSERT_MENU name="msgnum"/>
<INSERT_MENU name="cmdname"/>
<INSERT_MENU name="varname"/>
<INSERT_MENU name="filepath"/>
<INSERT_MENU name="userinput"/>
<INSERT_MENU name="systemoutput"/>
</MENU>
<MENU name="UI">
<INSERT_MENU name="uicontrol"/>
<INSERT_MENU name="wintitle"/>
<INSERT_MENU name="menucascade"/>
<INSERT_MENU name="shortcut"/>
<INSERT_MENU name="screen"/>
</MENU>
<MENU name="Util">
<INSERT_MENU name="imagemap"/>
<INSERT_MENU name="area"/>
<INSERT_MENU name="coords"/>
<INSERT_MENU name="shape"/>
</MENU>
<MENU name="Prolog">
<INSERT_MENU name="audience"/>
<INSERT_MENU name="author"/>
<INSERT_MENU name="brand"/>
<INSERT_MENU name="category"/>
<INSERT_MENU name="component"/>
<INSERT_MENU name="copyrholder"/>
<INSERT_MENU name="copyright"/>
<INSERT_MENU name="copyryear"/>
<INSERT_MENU name="created"/>
<INSERT_MENU name="critdates"/>
<INSERT_MENU name="featnum"/>
<INSERT_MENU name="keywords"/>
<INSERT_MENU name="metadata"/>
<INSERT_MENU name="othermeta"/>
<INSERT_MENU name="permissions"/>
<INSERT_MENU name="platform"/>
<INSERT_MENU name="prodinfo"/>
<INSERT_MENU name="prodname"/>
<INSERT_MENU name="prognum"/>
<INSERT_MENU name="prolog"/>
<INSERT_MENU name="publisher"/>
<INSERT_MENU name="resourceid"/>
<INSERT_MENU name="revised"/>
<INSERT_MENU name="series"/>
<INSERT_MENU name="source"/>
<INSERT_MENU name="vrm"/>
<INSERT_MENU name="vrmlist"/>
</MENU>
<MENU name="Links">
<INSERT_MENU name="link"/>
<INSERT_MENU name="linkinfo"/>
<INSERT_MENU name="linklist"/>
<INSERT_MENU name="linkpool"/>
<INSERT_MENU name="linktext"/>
</MENU>
<MENU name="Specialized">
<INSERT_MENU name="boolean"/>
<INSERT_MENU name="data"/>
<INSERT_MENU name="data-about"/>
<INSERT_MENU name="draft-comment"/>
<INSERT_MENU name="fn"/>
<INSERT_MENU name="foreign"/>
<INSERT_MENU name="itemgroup"/>
<INSERT_MENU name="no-topic-nesting"/>
<INSERT_MENU name="required-cleanup"/>
<INSERT_MENU name="state"/>
<INSERT_MENU name="term"/>
<INSERT_MENU name="tm"/>
<INSERT_MENU name="unknown"/>
</MENU>
<MENU name="Index">
<INSERT_MENU name="index-base"/>
<INSERT_MENU name="index-see"/>
<INSERT_MENU name="index-see-also"/>
<INSERT_MENU name="index-sort-as"/>
<INSERT_MENU name="indexterm"/>
<INSERT_MENU name="indextermref"/>
</MENU>
<MENU name="Glossary">
<INSERT_MENU name="glossgroup"/>
<INSERT_MENU name="glossentry"/>
<INSERT_MENU name="glossterm"/>
<INSERT_MENU name="glossdef"/>
<INSERT_MENU name="glossBody"/>
<INSERT_MENU name="glossAbbreviation"/>
<INSERT_MENU name="glossAcronym"/>
<INSERT_MENU name="glossShortForm"/>
<INSERT_MENU name="glossSynonym"/>
<INSERT_MENU name="glossPartOfSpeech"/>
<INSERT_MENU name="glossStatus"/>
<INSERT_MENU name="glossProperty"/>
<INSERT_MENU name="glossSurfaceForm"/>
<INSERT_MENU name="glossUsage"/>
<INSERT_MENU name="glossScopeNote"/>
<INSERT_MENU name="glossSymbol"/>
<INSERT_MENU name="glossAlternateFor"/>
<INSERT_MENU name="glossAlt"/>
</MENU>
<MENU name="Hazard">
<INSERT_MENU name="hazardstatement"/>
<INSERT_MENU name="consequence"/>
<INSERT_MENU name="hazardsymbol"/>
<INSERT_MENU name="howtoavoid"/>
<INSERT_MENU name="messagepanel"/>
<INSERT_MENU name="typeofhazard"/>
</MENU>
</MENUS>

<ELEMENTS_DISPLAY>
<ELEMENT_DISPLAY element="dita" type="division"/>
<ELEMENT_DISPLAY element="topic" type="division"/>
<ELEMENT_DISPLAY element="title" type="area">
<PARAMETER name="style" value="BOLD"/>
</ELEMENT_DISPLAY>
<ELEMENT_DISPLAY element="titlealts" type="area"/>
<ELEMENT_DISPLAY element="navtitle" type="area"/>
<ELEMENT_DISPLAY element="searchtitle" type="area"/>
<ELEMENT_DISPLAY element="shortdesc" type="division"/>
<ELEMENT_DISPLAY element="abstract" type="area"/>
<ELEMENT_DISPLAY element="body" type="area"/>
<ELEMENT_DISPLAY element="bodydiv" type="area"/>
<ELEMENT_DISPLAY element="section" type="area"/>
<ELEMENT_DISPLAY element="sectiondiv" type="area"/>
<ELEMENT_DISPLAY element="example" type="area"/>
<ELEMENT_DISPLAY element="related-links" type="area"/>

<ELEMENT_DISPLAY element="concept" type="division"/>
<ELEMENT_DISPLAY element="conbody" type="area"/>

<ELEMENT_DISPLAY element="reference" type="division"/>
<ELEMENT_DISPLAY element="refbody" type="area"/>
<ELEMENT_DISPLAY element="refsyn" type="area"/>
<ELEMENT_DISPLAY element="properties" type="area"/>
<ELEMENT_DISPLAY element="prophead" type="area"/>
<ELEMENT_DISPLAY element="proptypehd" type="area"/>
<ELEMENT_DISPLAY element="propvaluehd" type="area"/>
<ELEMENT_DISPLAY element="propdeschd" type="area"/>
<ELEMENT_DISPLAY element="property" type="area"/>
<ELEMENT_DISPLAY element="proptype" type="area"/>
<ELEMENT_DISPLAY element="propvalue" type="area"/>
<ELEMENT_DISPLAY element="propdesc" type="area"/>

<ELEMENT_DISPLAY element="task" type="division"/>
<ELEMENT_DISPLAY element="taskbody" type="division"/>
<ELEMENT_DISPLAY element="prereq" type="area"/>
<ELEMENT_DISPLAY element="context" type="area"/>
<ELEMENT_DISPLAY element="result" type="division"/>
<ELEMENT_DISPLAY element="postreq" type="division"/>
<ELEMENT_DISPLAY element="choice" type="area"/>
<ELEMENT_DISPLAY element="step" type="area"/>
<ELEMENT_DISPLAY element="stepsection" type="area"/>
<ELEMENT_DISPLAY element="substep" type="area"/>
<ELEMENT_DISPLAY element="steps-unordered" type="area"/>
<ELEMENT_DISPLAY element="choices" type="area"/>
<ELEMENT_DISPLAY element="steps" type="division"/>
<ELEMENT_DISPLAY element="substeps" type="area"/>
<ELEMENT_DISPLAY element="cmd" type="string"/>
<ELEMENT_DISPLAY element="info" type="area"/>
<ELEMENT_DISPLAY element="tutorialinfo" type="area"/>
<ELEMENT_DISPLAY element="stepxmp" type="area"/>
<ELEMENT_DISPLAY element="stepresult" type="division"/>
<ELEMENT_DISPLAY element="choicetable" type="area"/>
<ELEMENT_DISPLAY element="chhead" type="area"/>
<ELEMENT_DISPLAY element="chrow" type="area"/>
<ELEMENT_DISPLAY element="choptionhd" type="area"/>
<ELEMENT_DISPLAY element="chdeschd" type="area"/>
<ELEMENT_DISPLAY element="choption" type="area"/>
<ELEMENT_DISPLAY element="chdesc" type="area"/>
<ELEMENT_DISPLAY element="steps-informal" type="area"/>

<ELEMENT_DISPLAY element="alt" type="area"/>
<ELEMENT_DISPLAY element="cite" type="area"/>
<ELEMENT_DISPLAY element="desc" type="area"/>
<ELEMENT_DISPLAY element="dd" type="area"/>
<ELEMENT_DISPLAY element="ddhd" type="area"/>
<ELEMENT_DISPLAY element="dl" type="area"/>
<ELEMENT_DISPLAY element="dlentry" type="area"/>
<ELEMENT_DISPLAY element="dlhead" type="area"/>
<ELEMENT_DISPLAY element="dt" type="area"/>
<ELEMENT_DISPLAY element="dthd" type="area"/>
<ELEMENT_DISPLAY element="fig" type="area"/>
<ELEMENT_DISPLAY element="figgroup" type="area"/>
<ELEMENT_DISPLAY element="image" type="file">
<PARAMETER name="srcAtt" value="href"/>
</ELEMENT_DISPLAY>
<ELEMENT_DISPLAY element="keyword" type="area"/>
<ELEMENT_DISPLAY element="li" type="item"/>
<ELEMENT_DISPLAY element="lines" type="area"/>
<ELEMENT_DISPLAY element="longdescref" type="empty"/>
<ELEMENT_DISPLAY element="longquoteref" type="empty"/>
<ELEMENT_DISPLAY element="lq" type="area"/>
<ELEMENT_DISPLAY element="note" type="area"/>
<ELEMENT_DISPLAY element="object" type="area"/>
<ELEMENT_DISPLAY element="ol" type="list">
<PARAMETER name="listType" value="NUMEROS"/>
</ELEMENT_DISPLAY>
<ELEMENT_DISPLAY element="p" type="area"/>
<ELEMENT_DISPLAY element="param" type="area"/>
<ELEMENT_DISPLAY element="ph" type="string"/>
<ELEMENT_DISPLAY element="pre" type="area"/>
<ELEMENT_DISPLAY element="q" type="area"/>
<ELEMENT_DISPLAY element="sl" type="list">
<PARAMETER name="listType" value="POINTS"/>
</ELEMENT_DISPLAY>
<ELEMENT_DISPLAY element="sli" type="item"/>
<ELEMENT_DISPLAY element="text" type="string"/>
<ELEMENT_DISPLAY element="ul" type="list">
<PARAMETER name="listType" value="POINTS"/>
</ELEMENT_DISPLAY>
<ELEMENT_DISPLAY element="xref" type="area"/>

<ELEMENT_DISPLAY element="table" type="area"/>
<ELEMENT_DISPLAY element="tgroup" type="area"/>
<ELEMENT_DISPLAY element="thead" type="texttable">
<PARAMETER name="trTag" value="row"/>
<PARAMETER name="tdTag" value="entry"/>
</ELEMENT_DISPLAY>
<ELEMENT_DISPLAY element="stentry" type="area"/>
<ELEMENT_DISPLAY element="colspec" type="area"/>
<ELEMENT_DISPLAY element="tbody" type="texttable">
<PARAMETER name="trTag" value="row"/>
<PARAMETER name="tdTag" value="entry"/>
</ELEMENT_DISPLAY>
<ELEMENT_DISPLAY element="row" type="area"/>
<ELEMENT_DISPLAY element="entry" type="area"/>
<ELEMENT_DISPLAY element="simpletable" type="area"/>
<ELEMENT_DISPLAY element="sthead" type="area"/>
<ELEMENT_DISPLAY element="strow" type="area"/>

<ELEMENT_DISPLAY element="b" type="string">
<PARAMETER name="style" value="BOLD"/>
</ELEMENT_DISPLAY>
<ELEMENT_DISPLAY element="i" type="string">
<PARAMETER name="style" value="ITALIC"/>
</ELEMENT_DISPLAY>
<ELEMENT_DISPLAY element="u" type="string">
<PARAMETER name="style" value="UNDERLINE"/>
</ELEMENT_DISPLAY>
<ELEMENT_DISPLAY element="tt" type="string">
<PARAMETER name="font" value="Monospaced"/>
</ELEMENT_DISPLAY>
<ELEMENT_DISPLAY element="sup" type="string">
<PARAMETER name="style" value="SUPERSCRIPT"/>
</ELEMENT_DISPLAY>
<ELEMENT_DISPLAY element="sub" type="string">
<PARAMETER name="style" value="SUBSCRIPT"/>
</ELEMENT_DISPLAY>

<ELEMENT_DISPLAY element="codeph" type="string"/>
<ELEMENT_DISPLAY element="codeblock" type="area">
<PARAMETER name="font" value="Monospaced"/>
</ELEMENT_DISPLAY>
<ELEMENT_DISPLAY element="coderef" type="empty"/>
<ELEMENT_DISPLAY element="option" type="string"/>
<ELEMENT_DISPLAY element="kwd" type="string"/>
<ELEMENT_DISPLAY element="var" type="area"/>
<ELEMENT_DISPLAY element="parmname" type="string"/>
<ELEMENT_DISPLAY element="synph" type="area"/>
<ELEMENT_DISPLAY element="oper" type="area"/>
<ELEMENT_DISPLAY element="delim" type="area"/>
<ELEMENT_DISPLAY element="sep" type="area"/>
<ELEMENT_DISPLAY element="apiname" type="string"/>
<ELEMENT_DISPLAY element="parml" type="area"/>
<ELEMENT_DISPLAY element="plentry" type="area"/>
<ELEMENT_DISPLAY element="pt" type="area"/>
<ELEMENT_DISPLAY element="pd" type="area"/>
<ELEMENT_DISPLAY element="syntaxdiagram" type="area"/>
<ELEMENT_DISPLAY element="synblk" type="area"/>
<ELEMENT_DISPLAY element="groupseq" type="area"/>
<ELEMENT_DISPLAY element="groupchoice" type="area"/>
<ELEMENT_DISPLAY element="groupcomp" type="area"/>
<ELEMENT_DISPLAY element="fragment" type="area"/>
<ELEMENT_DISPLAY element="fragref" type="area"/>
<ELEMENT_DISPLAY element="synnote" type="area"/>
<ELEMENT_DISPLAY element="synnoteref" type="empty">
<PARAMETER name="titleAtt" value="href"/>
</ELEMENT_DISPLAY>
<ELEMENT_DISPLAY element="repsep" type="area"/>

<ELEMENT_DISPLAY element="msgph" type="area"/>
<ELEMENT_DISPLAY element="msgblock" type="area"/>
<ELEMENT_DISPLAY element="msgnum" type="string"/>
<ELEMENT_DISPLAY element="cmdname" type="string"/>
<ELEMENT_DISPLAY element="varname" type="string"/>
<ELEMENT_DISPLAY element="filepath" type="string"/>
<ELEMENT_DISPLAY element="userinput" type="area"/>
<ELEMENT_DISPLAY element="systemoutput" type="area"/>

<ELEMENT_DISPLAY element="uicontrol" type="area"/>
<ELEMENT_DISPLAY element="wintitle" type="string"/>
<ELEMENT_DISPLAY element="menucascade" type="area"/>
<ELEMENT_DISPLAY element="shortcut" type="string"/>
<ELEMENT_DISPLAY element="screen" type="area"/>

<ELEMENT_DISPLAY element="imagemap" type="area"/>
<ELEMENT_DISPLAY element="area" type="area"/>
<ELEMENT_DISPLAY element="coords" type="area"/>
<ELEMENT_DISPLAY element="shape" type="string"/>

<ELEMENT_DISPLAY element="audience" type="empty"/>
<ELEMENT_DISPLAY element="author" type="area"/>
<ELEMENT_DISPLAY element="brand" type="area"/>
<ELEMENT_DISPLAY element="category" type="area"/>
<ELEMENT_DISPLAY element="component" type="area"/>
<ELEMENT_DISPLAY element="copyrholder" type="area"/>
<ELEMENT_DISPLAY element="copyright" type="area"/>
<ELEMENT_DISPLAY element="copyryear" type="empty">
<PARAMETER name="titleAtt" value="year"/>
</ELEMENT_DISPLAY>
<ELEMENT_DISPLAY element="created" type="empty">
<PARAMETER name="titleAtt" value="date"/>
</ELEMENT_DISPLAY>
<ELEMENT_DISPLAY element="critdates" type="area"/>
<ELEMENT_DISPLAY element="featnum" type="area"/>
<ELEMENT_DISPLAY element="keywords" type="area"/>
<ELEMENT_DISPLAY element="metadata" type="area"/>
<ELEMENT_DISPLAY element="othermeta" type="empty">
<PARAMETER name="visibleAttributes" value="true"/>
</ELEMENT_DISPLAY>
<ELEMENT_DISPLAY element="permissions" type="empty">
<PARAMETER name="titleAtt" value="view"/>
</ELEMENT_DISPLAY>
<ELEMENT_DISPLAY element="platform" type="area"/>
<ELEMENT_DISPLAY element="prodinfo" type="area"/>
<ELEMENT_DISPLAY element="prodname" type="area"/>
<ELEMENT_DISPLAY element="prognum" type="area"/>
<ELEMENT_DISPLAY element="prolog" type="division"/>
<ELEMENT_DISPLAY element="publisher" type="area"/>
<ELEMENT_DISPLAY element="resourceid" type="empty">
<PARAMETER name="titleAtt" value="id"/>
</ELEMENT_DISPLAY>
<ELEMENT_DISPLAY element="revised" type="empty">
<PARAMETER name="titleAtt" value="modified"/>
</ELEMENT_DISPLAY>
<ELEMENT_DISPLAY element="series" type="area"/>
<ELEMENT_DISPLAY element="source" type="area"/>
<ELEMENT_DISPLAY element="vrm" type="empty">
<PARAMETER name="titleAtt" value="version"/>
</ELEMENT_DISPLAY>
<ELEMENT_DISPLAY element="vrmlist" type="area"/>

<ELEMENT_DISPLAY element="link" type="area"/>
<ELEMENT_DISPLAY element="linkinfo" type="area"/>
<ELEMENT_DISPLAY element="linklist" type="area"/>
<ELEMENT_DISPLAY element="linkpool" type="area"/>
<ELEMENT_DISPLAY element="linktext" type="area"/>

<ELEMENT_DISPLAY element="boolean" type="empty">
<PARAMETER name="titleAtt" value="state"/>
</ELEMENT_DISPLAY>
<ELEMENT_DISPLAY element="data" type="area"/>
<ELEMENT_DISPLAY element="data-about" type="area"/>
<ELEMENT_DISPLAY element="draft-comment" type="area"/>
<ELEMENT_DISPLAY element="fn" type="area"/>
<ELEMENT_DISPLAY element="foreign" type="area"/>
<ELEMENT_DISPLAY element="itemgroup" type="area"/>
<ELEMENT_DISPLAY element="no-topic-nesting" type="empty"/>
<ELEMENT_DISPLAY element="required-cleanup" type="area"/>
<ELEMENT_DISPLAY element="state" type="empty">
<PARAMETER name="visibleAttributes" value="true"/>
</ELEMENT_DISPLAY>
<ELEMENT_DISPLAY element="term" type="area"/>
<ELEMENT_DISPLAY element="tm" type="area"/>
<ELEMENT_DISPLAY element="unknown" type="area"/>

<ELEMENT_DISPLAY element="index-base" type="area"/>
<ELEMENT_DISPLAY element="index-see" type="area"/>
<ELEMENT_DISPLAY element="index-see-also" type="area"/>
<ELEMENT_DISPLAY element="index-sort-as" type="area"/>
<ELEMENT_DISPLAY element="indexterm" type="area"/>
<ELEMENT_DISPLAY element="indextermref" type="empty">
<PARAMETER name="titleAtt" value="keyref"/>
</ELEMENT_DISPLAY>

<ELEMENT_DISPLAY element="glossgroup" type="division"/>
<ELEMENT_DISPLAY element="glossentry" type="area"/>
<ELEMENT_DISPLAY element="glossterm" type="area"/>
<ELEMENT_DISPLAY element="glossdef" type="area"/>
<ELEMENT_DISPLAY element="glossBody" type="area"/>
<ELEMENT_DISPLAY element="glossAbbreviation" type="area"/>
<ELEMENT_DISPLAY element="glossAcronym" type="area"/>
<ELEMENT_DISPLAY element="glossShortForm" type="area"/>
<ELEMENT_DISPLAY element="glossSynonym" type="area"/>
<ELEMENT_DISPLAY element="glossPartOfSpeech" type="area"/>
<ELEMENT_DISPLAY element="glossStatus" type="area"/>
<ELEMENT_DISPLAY element="glossProperty" type="area"/>
<ELEMENT_DISPLAY element="glossSurfaceForm" type="area"/>
<ELEMENT_DISPLAY element="glossUsage" type="area"/>
<ELEMENT_DISPLAY element="glossScopeNote" type="area"/>
<ELEMENT_DISPLAY element="glossSymbol" type="area"/>
<ELEMENT_DISPLAY element="glossAlternateFor" type="area"/>
<ELEMENT_DISPLAY element="glossAlt" type="area"/>

<ELEMENT_DISPLAY element="hazardstatement" type="area"/>
<ELEMENT_DISPLAY element="consequence" type="area"/>
<ELEMENT_DISPLAY element="hazardsymbol" type="area">
<PARAMETER name="titleAtt" value="href"/>
</ELEMENT_DISPLAY>
<ELEMENT_DISPLAY element="howtoavoid" type="area"/>
<ELEMENT_DISPLAY element="messagepanel" type="area"/>
<ELEMENT_DISPLAY element="typeofhazard" type="area"/>

</ELEMENTS_DISPLAY>



<STRINGS language="en">
<CONFIG_DESCRIPTION>DITA (Darwin Information Typing Architecture)</CONFIG_DESCRIPTION>
<ELEMENT_STRINGS element="dita">
<TITLE>dita</TITLE>
</ELEMENT_STRINGS>
<ELEMENT_STRINGS element="topic">
<TITLE>topic</TITLE>
<DOCUMENTATION>The &lt;topic&gt; element is the top-level DITA
element for a single-subject topic or article. Other top-level DITA elements
that are more content-specific are &lt;concept&gt;, &lt;task&gt;,
and &lt;reference&gt;.
</DOCUMENTATION>
</ELEMENT_STRINGS>
<ELEMENT_STRINGS element="title">
<TITLE>title</TITLE>
<DOCUMENTATION>The &lt;title&gt; element contains a heading or
label for the main parts of a document such as &lt;topic&gt;, &lt;section&gt;, and
&lt;example&gt; and for the display elements such as figure (&lt;fig&gt;)
and &lt;table&gt;.
</DOCUMENTATION>
</ELEMENT_STRINGS>
<ELEMENT_STRINGS element="titlealts">
<TITLE>titlealts</TITLE>
<DOCUMENTATION>The alternate title element (&lt;titlealts&gt;)
is optional, but can occur after the topic title. Two elements can be inserted
as sub-elements of &lt;titlealts&gt;: navigation title &lt;navtitle&gt;
and search title &lt;searchtitle&gt;. When your DITA topic
is transformed to XHTML, the &lt;searchtitle&gt; element is
used to create a title element at the top of the resulting XHTML file. This
title may differ from the first level heading that shows in the main browser
window. In HTML output, the &lt;navtitle&gt; may be used to
create navigation panels when your DITA topics are part of an HTML-based help
or information system. The design intent is to enable navigation for HTML
Help and Eclipse help systems.
</DOCUMENTATION>
</ELEMENT_STRINGS>
<ELEMENT_STRINGS element="navtitle">
<TITLE>navtitle</TITLE>
<DOCUMENTATION>
The navigation title (&lt;navtitle&gt;) element
is one of a set of alternate titles that can be included inside the &lt;titlealts&gt;
element. This navigation title may differ from the first level heading that
shows in the main browser window. Use &lt;navtitle&gt; when
the actual title of the topic isn't appropriate for use in navigation panes
or online contents (for example, because the actual title is too long or needs
stated in terse, imperative voice in the navigation).
</DOCUMENTATION>
</ELEMENT_STRINGS>
<ELEMENT_STRINGS element="searchtitle">
<TITLE>searchtitle</TITLE>
<DOCUMENTATION>When your DITA topic is transformed to XHTML, the &lt;searchtitle&gt;
element is used to create a title element at the top of the resulting HTML
file. This title is normally used in search result summaries by some search
engines, such as that in Eclipse (
http://eclipse.org
); if not set, the XHTML's
title element defaults to the source topic's title content (which may not
be as well optimized for search summaries)
</DOCUMENTATION>
</ELEMENT_STRINGS>
<ELEMENT_STRINGS element="shortdesc">
<TITLE>shortdesc</TITLE>
<DOCUMENTATION>The short description (&lt;shortdesc&gt;) element
occurs between the topic title and the topic body, as the initial paragraph-like
content of a topic. The short description, which represents the purpose or
theme of the topic, is also intended to be used as a link preview and for
searching.
</DOCUMENTATION>
</ELEMENT_STRINGS>
<ELEMENT_STRINGS element="abstract">
<TITLE>abstract</TITLE>
</ELEMENT_STRINGS>
<ELEMENT_STRINGS element="body">
<TITLE>body</TITLE>
<DOCUMENTATION>The &lt;body&gt; element is the container for the
main content of a &lt;topic&gt;.
</DOCUMENTATION>
</ELEMENT_STRINGS>
<ELEMENT_STRINGS element="bodydiv">
<TITLE>bodydiv</TITLE>
</ELEMENT_STRINGS>
<ELEMENT_STRINGS element="section">
<TITLE>section</TITLE>
<DOCUMENTATION>The &lt;section&gt; element represents an organizational
division in a topic. Sections are used to organize subsets of information
that are directly related to the topic. For example, the titles Reference
Syntax, Example and Properties might represent section-level
discourse within a topic about a command-line process—the content in each
section relates uniquely to the subject of that topic. Multiple sections within
a single topic do not represent a hierarchy, but rather peer divisions of
that topic. Sections cannot be nested. A section may have an optional title.
</DOCUMENTATION>
</ELEMENT_STRINGS>
<ELEMENT_STRINGS element="sectiondiv">
<TITLE>sectiondiv</TITLE>
</ELEMENT_STRINGS>
<ELEMENT_STRINGS element="example">
<TITLE>example</TITLE>
<DOCUMENTATION>The &lt;example&gt; element is a section with the
specific role of containing examples that illustrate or support the current
topic. The &lt;example&gt; element has the same content model
as &lt;section&gt;.
</DOCUMENTATION>
</ELEMENT_STRINGS>
<ELEMENT_STRINGS element="related-links">
<TITLE>related-links</TITLE>
<DOCUMENTATION>The related information links of a topic (&lt;related-links&gt;
element) are stored in a special section following the body of the topic.
After a topic is processed into it final output form, the related links are
usually displayed at the end of the topic, although some Web-based help systems
might display them in a separate navigation frame.
</DOCUMENTATION>
</ELEMENT_STRINGS>

<ELEMENT_STRINGS element="concept">
<TITLE>concept</TITLE>
<DOCUMENTATION>
The &lt;concept&gt; element is the top-level
element for a topic that answers the question what is? Concepts provide
background information that users must know before they can successfully work
with a product or interface. Often, a concept is an extended definition of
a major abstraction such as a process or function. It might also have an example
or a graphic, but generally the structure of a concept is fairly simple.
</DOCUMENTATION>
</ELEMENT_STRINGS>
<ELEMENT_STRINGS element="conbody">
<TITLE>conbody</TITLE>
<DOCUMENTATION>
The &lt;conbody&gt; element is the main body-level
element for a concept. Like the body element of a general topic, &lt;conbody&gt;
allows paragraphs, lists, and other elements as well as sections and examples.
But &lt;conbody&gt; has a constraint that a section
or an example can be followed only by other sections or examples.
</DOCUMENTATION>
</ELEMENT_STRINGS>

<ELEMENT_STRINGS element="reference">
<TITLE>reference</TITLE>
<DOCUMENTATION>
The &lt;reference&gt; element defines a top-level container
for a reference topic. Reference topics document programming constructs or
facts about a product. Examples of reference topics include language elements,
class descriptions, commands, functions, statements, protocols, types, declarators,
operands, and API information, which provide quick access to facts, but no
explanation of concepts or procedures. Reference topics have the same high-level
structure as any other topic type, with a title, short description, and body.
Within the body, reference topics are typically organized into one or more
sections, property lists, and tables. The reference topic type provides general
rules that apply to all kinds of reference information, using elements like &lt;refsyn&gt; for
syntax or signatures, and &lt;properties&gt; for lists of properties
and values.
</DOCUMENTATION>
</ELEMENT_STRINGS>
<ELEMENT_STRINGS element="refbody">
<TITLE>refbody</TITLE>
<DOCUMENTATION>
The &lt;refbody&gt; element is a container for the
main content of the reference topic. Reference topics limit the body structure
to tables (both simple and standard), property lists, syntax sections, and
generic sections and examples, in any sequence or number.
</DOCUMENTATION>
</ELEMENT_STRINGS>
<ELEMENT_STRINGS element="refsyn">
<TITLE>refsyn</TITLE>
<DOCUMENTATION>
The &lt;refsyn&gt; element is a special section inside
a reference topic. The section often contains syntax or signature content
(for example, a command-line utility's calling syntax, or an API's signature).
The &lt;refsyn&gt; contains a brief, possibly diagrammatic
description of the subject's interface or high-level structure.
</DOCUMENTATION>
</ELEMENT_STRINGS>
<ELEMENT_STRINGS element="properties">
<TITLE>properties</TITLE>
<DOCUMENTATION>
The &lt;properties&gt; element gives a list of properties for 
the subject of the current topic, for example whether a class is public or protected. 
Each property can include the type, value, and a description. The typical rendering is 
usually in a table-like format. To represent multiple values for a type, just create 
additional property elements and use only the &lt;propvalue&gt; 
element (and &lt;propdesc&gt; when needed) for each successive 
value.
</DOCUMENTATION>
</ELEMENT_STRINGS>
<ELEMENT_STRINGS element="prophead">
<TITLE>prophead</TITLE>
<DOCUMENTATION>
The prophead element supports regular headings for the properties element.
</DOCUMENTATION>
</ELEMENT_STRINGS>
<ELEMENT_STRINGS element="proptypehd">
<TITLE>proptypehd</TITLE>
</ELEMENT_STRINGS>
<ELEMENT_STRINGS element="propvaluehd">
<TITLE>propvaluehd</TITLE>
</ELEMENT_STRINGS>
<ELEMENT_STRINGS element="propdeschd">
<TITLE>propdeschd</TITLE>
</ELEMENT_STRINGS>
<ELEMENT_STRINGS element="property">
<TITLE>property</TITLE>
<DOCUMENTATION>
The &lt;property&gt; element represents a property
of the current topic's subject. For example, if the current topic is a class,
the property might show that the class is protected rather than public.
It contains three optional elements: type, value, and description.
</DOCUMENTATION>
</ELEMENT_STRINGS>
<ELEMENT_STRINGS element="proptype">
<TITLE>proptype</TITLE>
<DOCUMENTATION>
The proptype element describes the type of property. 
</DOCUMENTATION>
</ELEMENT_STRINGS>
<ELEMENT_STRINGS element="propvalue">
<TITLE>propvalue</TITLE>
<DOCUMENTATION>
The &lt;propvalue&gt; element indicates the value or values
for the current property type. You can put values in separate rows if they
need separate descriptions, and just leave the &lt;proptype&gt; element
blank.
</DOCUMENTATION>
</ELEMENT_STRINGS>
<ELEMENT_STRINGS element="propdesc">
<TITLE>propdesc</TITLE>
<DOCUMENTATION>
The &lt;propdesc&gt; element is used to provide a short description
of the property type and its listed values (or just the value).
</DOCUMENTATION>
</ELEMENT_STRINGS>

<ELEMENT_STRINGS element="task">
<TITLE>task</TITLE>
<DOCUMENTATION>
The &lt;task&gt; element is the top-level element
for a task topic. Tasks are the main building blocks for task-oriented user
assistance. They generally provide step-by-step instructions that will enable
a user to perform a task. A task answers the question of "how to?" by telling
the user precisely what to do and the order in which to do it. Tasks have
the same high-level structure as other topics, with a title, short description
and body.
</DOCUMENTATION>
</ELEMENT_STRINGS>
<ELEMENT_STRINGS element="taskbody">
<TITLE>taskbody</TITLE>
<DOCUMENTATION>
The &lt;taskbody&gt; element is the main body-level
element inside a task topic. A task body has a very specific structure, with
the following elements in this order: &lt;prereq&gt;, &lt;context&gt;,
&lt;steps&gt;, &lt;result, &lt;example&gt;
and &lt;postreq&gt;. Each of the body sections are optional.
</DOCUMENTATION>
</ELEMENT_STRINGS>
<ELEMENT_STRINGS element="prereq">
<TITLE>prereq</TITLE>
<DOCUMENTATION>
The pre-requisite (&lt;prereq&gt;) section of a
task should document things the user needs to know or do before starting the
current task. Prerequisite links will be placed in a list after the related-links
section; on output the &lt;prereq&gt; links from the related-links
section are added to the &lt;prereq&gt; section.
</DOCUMENTATION>
</ELEMENT_STRINGS>
<ELEMENT_STRINGS element="context">
<TITLE>context</TITLE>
<DOCUMENTATION>
The &lt;context&gt; section of a task provides
background information for the task. This information helps the user understand
what the purpose of the task is and what they will gain by completing the
task. This section should be brief and does not replace or recreate a concept
topic on the same subject, although the context section may include some conceptual
information
</DOCUMENTATION>
</ELEMENT_STRINGS>
<ELEMENT_STRINGS element="result">
<TITLE>result</TITLE>
<DOCUMENTATION>
The &lt;result&gt; element describes the expected
outcome for the task as a whole. 
</DOCUMENTATION>
</ELEMENT_STRINGS>
<ELEMENT_STRINGS element="postreq">
<TITLE>postreq</TITLE>
<DOCUMENTATION>
The &lt;postreq&gt; element describes steps or
tasks that the user should do after the successful completion of the current
task. It is often supported by links to the next task or tasks in the &lt;related-links&gt;
section.
</DOCUMENTATION>
</ELEMENT_STRINGS>
<ELEMENT_STRINGS element="choice">
<TITLE>choice</TITLE>
<DOCUMENTATION>
Each &lt;choice&gt; element describes one way that
the user could accomplish the current step.
</DOCUMENTATION>
</ELEMENT_STRINGS>
<ELEMENT_STRINGS element="step">
<TITLE>step</TITLE>
<DOCUMENTATION>
The &lt;step&gt; element represents an action that
a user must follow to accomplish a task. Each step in a task must contain
a command &lt;cmd&gt; element which describes the particular
action the user must do to accomplish the overall task. The step element can
also contain information &lt;info&gt;, substeps &lt;substeps&gt;,
tutorial information &lt;tutorialinfo&gt;, a step example
&lt;stepxmp&gt;, choices &lt;choices&gt; or
a stepresult &lt;stepresult&gt;, although these are optional.
</DOCUMENTATION>
</ELEMENT_STRINGS>
<ELEMENT_STRINGS element="stepsection">
<TITLE>stepsection</TITLE>
</ELEMENT_STRINGS>
<ELEMENT_STRINGS element="substep">
<TITLE>substep</TITLE>
<DOCUMENTATION>
A &lt;substep&gt; element has the same structure
as a &lt;step&gt;, except that it does not allow lists of
choices or substeps within it, in order to prevent unlimited nesting of steps.
</DOCUMENTATION>
</ELEMENT_STRINGS>
<ELEMENT_STRINGS element="steps-unordered">
<TITLE>steps-unordered</TITLE>
<DOCUMENTATION>
Like the &lt;steps&gt; element, the &lt;steps-unordered&gt;
section of a task provides the main content of the task topic, but particularly
for cases in which the order of steps may vary from one situation to another.
For example, fields of a form can be filled in without particular regard
to order as long as the required ones are filled in before submitting the
form. One or more steps is required inside the &lt;steps-unordered&gt;
section.
</DOCUMENTATION>
</ELEMENT_STRINGS>
<ELEMENT_STRINGS element="choices">
<TITLE>choices</TITLE>
<DOCUMENTATION>
The &lt;choices&gt; element contains a list of
&lt;choice&gt; elements. It is used when the user will need
to choose one of several actions while performing the steps of a task.
</DOCUMENTATION>
</ELEMENT_STRINGS>
<ELEMENT_STRINGS element="steps">
<TITLE>steps</TITLE>
<DOCUMENTATION>
The &lt;steps&gt; section of a task provides the
main content of the task topic. The task is described as a series of steps
that the user must follow to accomplish the task. One or more &lt;steps&gt;
elements is required inside the &lt;steps&gt; section.
</DOCUMENTATION>
</ELEMENT_STRINGS>
<ELEMENT_STRINGS element="substeps">
<TITLE>substeps</TITLE>
<DOCUMENTATION>
The &lt;substeps&gt; element allows you to break
a step down into a series of separate actions, and should be used only if
necessary. Try to describe the steps of a task in a single level of steps.
If you need to use more than one level of substep nesting, you should probably
rewrite the task to simplify it.
</DOCUMENTATION>
</ELEMENT_STRINGS>
<ELEMENT_STRINGS element="cmd">
<TITLE>cmd</TITLE>
<DOCUMENTATION>
The command (&lt;cmd&gt;) element is required as
the first element inside a &lt;step&gt;. It provides the active
voice instruction to the user for completing the step, and should not be more
than one sentence. If the step needs additional explanation, this can follow
the &lt;cmd&gt; element inside an 
info
element.
</DOCUMENTATION>
</ELEMENT_STRINGS>
<ELEMENT_STRINGS element="info">
<TITLE>info</TITLE>
<DOCUMENTATION>
The information element (&lt;info&gt;) occurs inside
a &lt;step&gt; element to provide additional information about
the step.
</DOCUMENTATION>
</ELEMENT_STRINGS>
<ELEMENT_STRINGS element="tutorialinfo">
<TITLE>tutorialinfo</TITLE>
<DOCUMENTATION>
The tutorial info (&lt;tutorialinfo&gt;) element
contains information that is included in a step when a task is part of a tutorial.
The &lt;tutorialinfo&gt; element allows you to turn a task
into a learning exercise by including explanatory content about methods for
completing the current step. This information is currently included in all
output processing results, not just tutorials. It is not for use in tasks
that are being used outside of tutorials.
</DOCUMENTATION>
</ELEMENT_STRINGS>
<ELEMENT_STRINGS element="stepxmp">
<TITLE>stepxmp</TITLE>
<DOCUMENTATION>
The step example (&lt;stepxmp&gt;) element is used
to illustrate a step of a task. The example can be a couple of words, or an
entire paragraph.
</DOCUMENTATION>
</ELEMENT_STRINGS>
<ELEMENT_STRINGS element="stepresult">
<TITLE>stepresult</TITLE>
<DOCUMENTATION>
The &lt;stepresult&gt; element provides information
on the expected outcome of a step. If a user interface is being documented,
the outcome could describe a dialog box opening, or the appearance of a progress
indicator. Step results are useful to assure a user that they are on track,
but should not be used for every step, as this quickly becomes tedious.
</DOCUMENTATION>
</ELEMENT_STRINGS>
<ELEMENT_STRINGS element="choicetable">
<TITLE>choicetable</TITLE>
<DOCUMENTATION>
The &lt;choicetable&gt; element contains a series
of optional choices available within a step of a task.
</DOCUMENTATION>
</ELEMENT_STRINGS>
<ELEMENT_STRINGS element="chhead">
<TITLE>chhead</TITLE>
<DOCUMENTATION>
The &lt;chhead&gt; element is a container inside
the &lt;choicetable&gt; element that provides specific heading
text to override the default Options and Description headings.
The &lt;chhead&gt; element contains both a 
choptionhd
and 
chdeschd
element as a pair.
</DOCUMENTATION>
</ELEMENT_STRINGS>
<ELEMENT_STRINGS element="chrow">
<TITLE>chrow</TITLE>
<DOCUMENTATION>
The &lt;chrow&gt; element is a container inside
the &lt;choicetable&gt; element. The &lt;chrow&gt;
element contains both a &lt;choption&gt; and &lt;chdesc&gt;
element as a pair.
</DOCUMENTATION>
</ELEMENT_STRINGS>
<ELEMENT_STRINGS element="choptionhd">
<TITLE>choptionhd</TITLE>
<DOCUMENTATION>
The &lt;choptionhd&gt; element provides a specific
label for the list of options that a user chooses from to accomplish a step.
The default label for options is Option.
</DOCUMENTATION>
</ELEMENT_STRINGS>
<ELEMENT_STRINGS element="chdeschd">
<TITLE>chdeschd</TITLE>
<DOCUMENTATION>
The &lt;chdeschd&gt; option provides a specific
label for the list of descriptions of options that a user must choose to accomplish
a step of a task. The default label overridden by &lt;chdeschd&gt;
is Description.
</DOCUMENTATION>
</ELEMENT_STRINGS>
<ELEMENT_STRINGS element="choption">
<TITLE>choption</TITLE>
<DOCUMENTATION>
The &lt;choption&gt; element describes an option
that a user could choose to accomplish a step of a task. In a user interface,
for example, this might be the name of radio button.
</DOCUMENTATION>
</ELEMENT_STRINGS>
<ELEMENT_STRINGS element="chdesc">
<TITLE>chdesc</TITLE>
<DOCUMENTATION>
The &lt;chdesc&gt; element is a description of
an option that a user chooses while performing a step to accomplish a task.
It explains why the user would choose that option, and might explain the result
of the choice when it is not immediately obvious.
</DOCUMENTATION>
</ELEMENT_STRINGS>
<ELEMENT_STRINGS element="steps-informal">
<TITLE>steps-informal</TITLE>
</ELEMENT_STRINGS>

<ELEMENT_STRINGS element="alt">
<TITLE>alt</TITLE>
<DOCUMENTATION>The alt element provides an element equivalent of the alt attribute
on the image element. As an element, it provides direct text entry within
an XML editor and is more easily accessed than an attribute for translation.
</DOCUMENTATION>
</ELEMENT_STRINGS>
<ELEMENT_STRINGS element="cite">
<TITLE>cite</TITLE>
<DOCUMENTATION>The &lt;cite&gt; element is used when you need
a bibliographic citation that refers to a book or article. It specifically
identifies the title of the resource. Its keyref attribute
allows the citation to be associated to other possible bibliographic processing
(not supported yet). 
</DOCUMENTATION>
</ELEMENT_STRINGS>
<ELEMENT_STRINGS element="desc">
<TITLE>desc</TITLE>
<DOCUMENTATION>The &lt;desc&gt; element contains the description
of the current element. A description should provide more information than
the title.
</DOCUMENTATION>
</ELEMENT_STRINGS>
<ELEMENT_STRINGS element="dd">
<TITLE>dd</TITLE>
<DOCUMENTATION>The definition description (&lt;dd&gt;) element
contains the description of a term in a definition list entry.
</DOCUMENTATION>
</ELEMENT_STRINGS>
<ELEMENT_STRINGS element="ddhd">
<TITLE>ddhd</TITLE>
<DOCUMENTATION>The definition descriptions heading (&lt;ddhd&gt;) element contains
an optional heading or title for a column of descriptions or definitions in
a definition list
</DOCUMENTATION>
</ELEMENT_STRINGS>
<ELEMENT_STRINGS element="dl">
<TITLE>dl</TITLE>
<DOCUMENTATION>A definition list (&lt;dl&gt;) is a list of terms
and corresponding definitions. The term (&lt;dt&gt;) is usually
flush left. The description or definition (&lt;dt&gt;) is
usually either indented and on the next line, or on the same line to the right
of the term.
</DOCUMENTATION>
</ELEMENT_STRINGS>
<ELEMENT_STRINGS element="dlentry">
<TITLE>dlentry</TITLE>
<DOCUMENTATION>In a definition list, each list item is defined by the definition
list entry (&lt;dlentry&gt;) element. The definition list entry element includes
a term &lt;dt&gt; and one or more definitions or descriptions &lt;dd&gt; of that
term.
</DOCUMENTATION>
</ELEMENT_STRINGS>
<ELEMENT_STRINGS element="dlhead">
<TITLE>dlhead</TITLE>
<DOCUMENTATION>The &lt;dlhead&gt; element contains optional headings
for the term and description columns in a definition list. The definition
list heading contains a heading &lt;dthd&gt; for the column
of terms and an optional heading &lt;ddhd&gt;for the column
of descriptions.
</DOCUMENTATION>
</ELEMENT_STRINGS>
<ELEMENT_STRINGS element="dt">
<TITLE>dt</TITLE>
<DOCUMENTATION>The definition term &lt;dt&gt; element contains
a term in a definition list entry.
</DOCUMENTATION>
</ELEMENT_STRINGS>
<ELEMENT_STRINGS element="dthd">
<TITLE>dthd</TITLE>
<DOCUMENTATION>The definition term heading (&lt;dthd&gt;) element is contained in
a definition list head (&lt;dlhead&gt;) and provides an optional heading for
the column of terms in a description list.
</DOCUMENTATION>
</ELEMENT_STRINGS>
<ELEMENT_STRINGS element="fig">
<TITLE>fig</TITLE>
<DOCUMENTATION>The figure (&lt;fig&gt;) element is a display context
(sometimes called an exhibit) with an optional title for a wide variety
of content. Most commonly, the figure element contains an image element (a
graphic or artwork), but it can contain several kinds of text objects as well.
A title is placed inside the figure element to provide a caption to describe
the content.
</DOCUMENTATION>
</ELEMENT_STRINGS>
<ELEMENT_STRINGS element="figgroup">
<TITLE>figgroup</TITLE>
<DOCUMENTATION>The &lt;figgroup&gt; element is used only for specialization
at this time. Figure groups can be used to contain multiple cross-references,
footnotes or keywords, but not multipart images. Multipart images in DITA
should be represented by a suitable media type displayed by the &lt;object&gt;
element.
</DOCUMENTATION>
</ELEMENT_STRINGS>
<ELEMENT_STRINGS element="image">
<TITLE>image</TITLE>
<DOCUMENTATION>Include artwork or images in a DITA topic by using the &lt;image&gt;
element. The &lt;image&gt; element has optional attributes
that indicate whether the placement of the included graphic or artwork should
be inline (like a button or icon), or on a separate line for a larger image.
An href attribute is required on the image element,
as this attribute creates a pointer to the image, and allows the output formatting
processor to bring the image into the text flow. To make the intent of the
image more accessible for users using screen readers or text-only readers,
always include a description of the image's content in the alt attribute.
</DOCUMENTATION>
</ELEMENT_STRINGS>
<ELEMENT_STRINGS element="keyword">
<TITLE>keyword</TITLE>
<DOCUMENTATION>The &lt;keyword&gt; element identifies a keyword
or token, such as a single value from an enumerated list, the name of a command
or parameter, or a lookup key for a message (contrast with 
term).
</DOCUMENTATION>
</ELEMENT_STRINGS>
<ELEMENT_STRINGS element="li">
<TITLE>li</TITLE>
<DOCUMENTATION>A list (&lt;li&gt;) item is a single item in an ordered &lt;ol&gt; or
unordered &lt;ul&gt; list. When a DITA topic is formatted for output, numbers
and alpha characters are usually output with list items in ordered lists,
while bullets and dashes are usually output with list items in unordered lists.
</DOCUMENTATION>
</ELEMENT_STRINGS>
<ELEMENT_STRINGS element="lines">
<TITLE>lines</TITLE>
<DOCUMENTATION>The &lt;lines&gt; element may be used to represent
dialogs, lists, text fragments, and so forth. The &lt;lines&gt;
element is similar to &lt;pre&gt; in that hard line breaks
are preserved, but the font style is not set to monospace, and extra spaces
inside the lines are not preserved. 
</DOCUMENTATION>
</ELEMENT_STRINGS>
<ELEMENT_STRINGS element="longdescref">
<TITLE>longdescref</TITLE>
</ELEMENT_STRINGS>
<ELEMENT_STRINGS element="longquoteref">
<TITLE>longquoteref</TITLE>
</ELEMENT_STRINGS>
<ELEMENT_STRINGS element="lq">
<TITLE>lq</TITLE>
<DOCUMENTATION>The long quote (&lt;lq&gt;) element indicates
content quoted from another source. Use the quote element &lt;q&gt;for
short, inline quotations, and long quote &lt;lq&gt; for quotations
that are too long for inline use, following normal guidelines for quoting
other sources. You can store a URL to the source of the quotation in the href attribute.
</DOCUMENTATION>
</ELEMENT_STRINGS>
<ELEMENT_STRINGS element="note">
<TITLE>note</TITLE>
<DOCUMENTATION>A &lt;note&gt; element contains information, differentiated
from the main text, which expands on or calls attention to a particular point.
</DOCUMENTATION>
</ELEMENT_STRINGS>
<ELEMENT_STRINGS element="object">
<TITLE>object</TITLE>
<DOCUMENTATION>DITA's &lt;object&gt; element corresponds to the
HTML &lt;object&gt; element. The &lt;object&gt;
element allows authors to include animated images, applets, plug-ins, ActiveX
controls, video clips, and other multimedia objects in a topic for rendering
after transformation to HTML.
</DOCUMENTATION>
</ELEMENT_STRINGS>
<ELEMENT_STRINGS element="ol">
<TITLE>ol</TITLE>
<DOCUMENTATION>An ordered list (&lt;ol&gt;) is a list of items sorted by sequence
or order of importance.
</DOCUMENTATION>
</ELEMENT_STRINGS>
<ELEMENT_STRINGS element="p">
<TITLE>p</TITLE>
<DOCUMENTATION>A paragraph element (&lt;p&gt;) is a block of
text containing a single main idea.
</DOCUMENTATION>
</ELEMENT_STRINGS>
<ELEMENT_STRINGS element="param">
<TITLE>param</TITLE>
<DOCUMENTATION>The parameter (&lt;param&gt;)element specifies
a set of values that may be required by an &lt;object&gt;
at runtime. Any number of &lt;param&gt; elements may appear
in the content of an object in any order, but must be placed at the start
of the content of the enclosing object. This element is comparable to the
XHMTL &lt;param&gt; element.
</DOCUMENTATION>
</ELEMENT_STRINGS>
<ELEMENT_STRINGS element="ph">
<TITLE>ph</TITLE>
<DOCUMENTATION>The phrase (&lt;ph&gt;) element is used to organize
content for reuse or conditional processing (for example, when part of a paragraph
applies to a particular audience). It can be used by future specializations
of DITA to apply specific processing or formatting to marked up phrases.
</DOCUMENTATION>
</ELEMENT_STRINGS>
<ELEMENT_STRINGS element="pre">
<TITLE>pre</TITLE>
<DOCUMENTATION>The preformatted element (&lt;pre&gt;) preserves
line breaks and spaces entered manually by the author in the content of the
element, and also presents the content in a monospaced type font (depending
on your output formatting processor).
</DOCUMENTATION>
</ELEMENT_STRINGS>
<ELEMENT_STRINGS element="q">
<TITLE>q</TITLE>
<DOCUMENTATION>A quotation element (&lt;q&gt;) indicates content quoted from another
source. This element is used for short quotes which are displayed inline.
Use the long quote element (&lt;lq&gt;) for quotations that should be set off
from the surrounding text.
</DOCUMENTATION>
</ELEMENT_STRINGS>
<ELEMENT_STRINGS element="sl">
<TITLE>sl</TITLE>
<DOCUMENTATION>The &lt;sl&gt; element contains a simple list of
items of short, phrase-like content, such as in documenting the materials
in a kit or package.
</DOCUMENTATION>
</ELEMENT_STRINGS>
<ELEMENT_STRINGS element="sli">
<TITLE>sli</TITLE>
<DOCUMENTATION>
A simple list item (&lt;sli&gt;) is a single item in a simple list&lt;sl&gt;.
Simple list items have phrase or text content, adequate for describing package
contents, for example. When a DITA topic is formatted for output, the items
of a simple list are placed each on its own line, with no other prefix such
as a number (as in an ordered list) or bullet (as in an unordered list)..
</DOCUMENTATION>
</ELEMENT_STRINGS>
<ELEMENT_STRINGS element="text">
<TITLE>text</TITLE>
</ELEMENT_STRINGS>
<ELEMENT_STRINGS element="ul">
<TITLE>ul</TITLE>
<DOCUMENTATION>In an unordered list (&lt;ul&gt;), the order of the list items is
not significant. List items are typically styled on output with a "bullet"
character, depending on nesting level.
</DOCUMENTATION>
</ELEMENT_STRINGS>
<ELEMENT_STRINGS element="xref">
<TITLE>xref</TITLE>
<DOCUMENTATION>Use the cross-reference (&lt;xref&gt;) element
to link to a different location within the current topic, or a different topic
within the same help system or DITA document. You can also point to external
sources, such as Web pages, or to a location in another topic as well. The href attribute
on the &lt;xref&gt; element is used to create the link pointer,
or URL.
</DOCUMENTATION>
</ELEMENT_STRINGS>

<ELEMENT_STRINGS element="table">
<TITLE>table</TITLE>
<DOCUMENTATION>
The &lt;table&gt; element organizes arbitrarily
complex relationships of tabular information. This standard table markup allows
column or row spanning and table captions or descriptions. A optional title
allowed inside the table element provides a caption to describe the table.
See 
simpletable
for a simplified
table model that can be specialized to represent more regular relationships
of data.
</DOCUMENTATION>
</ELEMENT_STRINGS>
<ELEMENT_STRINGS element="tgroup">
<TITLE>tgroup</TITLE>
<DOCUMENTATION>
The &lt;tgroup&gt; element in a table contains
column, row, spanning, header and footer specifications, and the body (&lt;tbody&gt;)
of the table.
</DOCUMENTATION>
</ELEMENT_STRINGS>
<ELEMENT_STRINGS element="thead">
<TITLE>thead</TITLE>
<DOCUMENTATION>
The table header (&lt;thead&gt;) element precedes
the table body (&lt;tbody&gt;) element in a complex table.
</DOCUMENTATION>
</ELEMENT_STRINGS>
<ELEMENT_STRINGS element="stentry">
<TITLE>stentry</TITLE>
<DOCUMENTATION>The simpletable entry (&lt;stentry&gt;) element represents a single
table cell, like &lt;entry&gt; in &lt;table&gt;. You can place any number of stentry
cells in either an 
sthead
element
(for headings) or 
strow
element (for
rows of data).
</DOCUMENTATION>
</ELEMENT_STRINGS>
<ELEMENT_STRINGS element="colspec">
<TITLE>colspec</TITLE>
<DOCUMENTATION>
The &lt;colspec&gt; element contains a column specification
for a table, including assigning a column name and number, cell content alignment,
and column width.
</DOCUMENTATION>
</ELEMENT_STRINGS>
<ELEMENT_STRINGS element="tbody">
<TITLE>tbody</TITLE>
<DOCUMENTATION>
The &lt;tbody&gt; element contains the rows in
a table.
</DOCUMENTATION>
</ELEMENT_STRINGS>
<ELEMENT_STRINGS element="row">
<TITLE>row</TITLE>
<DOCUMENTATION>The &lt;row&gt; element contains a single row in
a table &lt;tgroup&gt;.
</DOCUMENTATION>
</ELEMENT_STRINGS>
<ELEMENT_STRINGS element="entry">
<TITLE>entry</TITLE>
<DOCUMENTATION>The &lt;entry&gt; element defines a single cell
in a table. 
</DOCUMENTATION>
</ELEMENT_STRINGS>
<ELEMENT_STRINGS element="simpletable">
<TITLE>simpletable</TITLE>
<DOCUMENTATION>The &lt;simpletable&gt; element is used for tables
that are regular in structure and do not need a caption. Choose the simple
table element when you want to show information in regular rows and columns.
For example, multi-column tabular data such as phone directory listings or
parts lists are good candidates for simpletable. Another good use of simpletable
is for information that seems to beg for a "three-part definition list"—just
use the keycol attribute to indicate which column represents the "key" or
term-like column of your structure. 
</DOCUMENTATION>
</ELEMENT_STRINGS>
<ELEMENT_STRINGS element="sthead">
<TITLE>sthead</TITLE>
<DOCUMENTATION>The simpletable header (&lt;sthead&gt;) element contains the table's
header row. The header row is optional in a simple table.
</DOCUMENTATION>
</ELEMENT_STRINGS>
<ELEMENT_STRINGS element="strow">
<TITLE>strow</TITLE>
<DOCUMENTATION>The &lt;simpletable&gt; row (&lt;strow&gt;)
element specifies a row in a simple table, like row in a conventional 
table.
</DOCUMENTATION>
</ELEMENT_STRINGS>

<ELEMENT_STRINGS element="b">
<TITLE>b</TITLE>
<DOCUMENTATION>
The bold (&lt;b&gt;) element is used to apply bold highlighting
to the content of the element. Use this element only when there is not some
other more proper tag. For example, for specific items such as GUI controls,
use the 
uicontrol
tag.
This element is part of the DITA highlighting domain.
</DOCUMENTATION>
</ELEMENT_STRINGS>
<ELEMENT_STRINGS element="i">
<TITLE>i</TITLE>
<DOCUMENTATION>
The italic (&lt;i&gt;) element is used to apply italic highlighting
to the content of the element. Use this element only when there
is not some other more proper tag. For example, for specific items such as
GUI controls, use the 
uicontrol
tag.
Italic highlighting generally means a font that is slanted for emphasis, but
this may vary depending on your output formatting process. This element is
part of the DITA highlighting domain.
</DOCUMENTATION>
</ELEMENT_STRINGS>
<ELEMENT_STRINGS element="u">
<TITLE>u</TITLE>
<DOCUMENTATION>
The underline (&lt;u&gt;) element is used to apply
underline highlighting to the content of the element. Use this element only
when there is not some other more proper tag. For example, for specific items
such as GUI controls, use the 
uicontrol
tag.
This element is part of the DITA highlighting domain.
</DOCUMENTATION>
</ELEMENT_STRINGS>
<ELEMENT_STRINGS element="tt">
<TITLE>tt</TITLE>
<DOCUMENTATION>
The teletype (&lt;tt&gt;) element is used to apply monospaced
highlighting to the content of the element. Use this element only when there
is not some other more proper tag. For example, for specific items such as
GUI controls, use the 
uicontrol
tag.
This element is part of the DITA highlighting domain.
</DOCUMENTATION>
</ELEMENT_STRINGS>
<ELEMENT_STRINGS element="sup">
<TITLE>sup</TITLE>
<DOCUMENTATION>
The superscript (&lt;sup&gt;) element indicates that text should
be superscripted, or vertically raised in relationship to the surrounding
text. Superscripts are usually a smaller font than the surrounding text.
Use this element only when there is not some other more proper tag. For example,
for specific items such as GUI controls, use the 
uicontrol
tag. This element is part of the DITA highlighting
domain.
</DOCUMENTATION>
</ELEMENT_STRINGS>
<ELEMENT_STRINGS element="sub">
<TITLE>sub</TITLE>
<DOCUMENTATION>
A subscript (&lt;sub&gt;) indicates that text should be subscripted,
or placed lower in relationship to the surrounding text. Subscripted text
is often a smaller font than the surrounding text. Formatting may vary depending
on your output process. This element is part of the DITA highlighting domain.
</DOCUMENTATION>
</ELEMENT_STRINGS>

<ELEMENT_STRINGS element="codeph">
<TITLE>codeph</TITLE>
<DOCUMENTATION>
The code phrase (&lt;codeph&gt;) element represents a snippet
of code within the main flow of text. The code phrase may be displayed in
a monospaced font for emphasis. This element is part of the DITA programming
domain, a special set of DITA elements designed to document programming tasks,
concepts and reference information.
</DOCUMENTATION>
</ELEMENT_STRINGS>
<ELEMENT_STRINGS element="codeblock">
<TITLE>codeblock</TITLE>
<DOCUMENTATION>
The &lt;codeblock&gt; element represents lines of
program code. Like the 
&lt;pre&gt;
element,
content of this element has preserved line endings and is output in a monospaced
font. This element is part of the DITA programming domain, a special set of
DITA elements designed to document programming tasks, concepts and reference
information.
</DOCUMENTATION>
</ELEMENT_STRINGS>
<ELEMENT_STRINGS element="coderef">
<TITLE>coderef</TITLE>
<DOCUMENTATION>Use the cross-reference (&lt;coderef&gt;) element
to pull in the targetted file into the containing codeblock element, massaging &lt; and &gt; characters 
as necessary to make it valid CDATA.
</DOCUMENTATION>
</ELEMENT_STRINGS>
<ELEMENT_STRINGS element="option">
<TITLE>option</TITLE>
<DOCUMENTATION>
The &lt;option&gt; element describes an option
that can be used to modify a command (or something else, like a configuration).
This element is part of the DITA programming domain, a special set of DITA
elements designed to document programming tasks, concepts and reference information.
</DOCUMENTATION>
</ELEMENT_STRINGS>
<ELEMENT_STRINGS element="kwd">
<TITLE>kwd</TITLE>
<DOCUMENTATION>
The &lt;kwd&gt; element defines a keyword in a syntax
definition. A keyword must be typed or output, either by the user or application,
exactly as specified in the syntax definition. This element is
part of the DITA programming domain, a special set of DITA elements designed
to document programming tasks, concepts and reference information.
</DOCUMENTATION>
</ELEMENT_STRINGS>
<ELEMENT_STRINGS element="var">
<TITLE>var</TITLE>
<DOCUMENTATION>
Within a syntax definition, the &lt;var&gt; element
defines a variable for which the user must supply content, such as their user
name or password. It is represented in output in an italic font.
This element is part of the DITA programming domain, a special set of DITA
elements designed to document programming tasks, concepts and reference information.
</DOCUMENTATION>
</ELEMENT_STRINGS>
<ELEMENT_STRINGS element="parmname">
<TITLE>parmname</TITLE>
<DOCUMENTATION>
When referencing the name of an application programming interface
parameter within the text flow of your topic, use the parameter
name (&lt;parmname&gt;) element to markup the parameter. This element
is part of the DITA programming domain, a special set of DITA elements designed
to document programming tasks, concepts and reference information.
</DOCUMENTATION>
</ELEMENT_STRINGS>
<ELEMENT_STRINGS element="synph">
<TITLE>synph</TITLE>
<DOCUMENTATION>
The syntax phrase (&lt;synph&gt;) element is a container for syntax
definition elements. It is used when a complete syntax definition is not needed,
but some of the syntax elements, such as kwd, oper, delim, are used within
the text flow of the topic content. This element is part of the DITA programming
domain, a special set of DITA elements designed to document programming tasks,
concepts and reference information.
</DOCUMENTATION>
</ELEMENT_STRINGS>
<ELEMENT_STRINGS element="oper">
<TITLE>oper</TITLE>
<DOCUMENTATION>
The operator (&lt;oper&gt;) element defines an operator
within a syntax definition. Typical operators are equals (=), plus (+) or
multiply (*). This element is part of the DITA programming domain, a special
set of DITA elements designed to document programming tasks, concepts and
reference information.
</DOCUMENTATION>
</ELEMENT_STRINGS>
<ELEMENT_STRINGS element="delim">
<TITLE>delim</TITLE>
<DOCUMENTATION>
Within a syntax definition, the delimiter (&lt;delim&gt;) element defines
a character marking the beginning or end of a section or part of the complete
syntax. Typical delimiter characters are the parenthesis, comma, tab, vertical
bar or other special characters. This element is part of the DITA programming
domain, a special set of DITA elements designed to document programming tasks,
concepts and reference information.
</DOCUMENTATION>
</ELEMENT_STRINGS>
<ELEMENT_STRINGS element="sep">
<TITLE>sep</TITLE>
<DOCUMENTATION>
The separator (&lt;sep&gt;) element defines a separator character that
is inline with the content of a syntax definition. The separator occurs between
keywords, operators or groups in a syntax definition. This element is part
of the DITA programming domain, a special set of DITA elements designed to
document programming tasks, concepts and reference information.
</DOCUMENTATION>
</ELEMENT_STRINGS>
<ELEMENT_STRINGS element="apiname">
<TITLE>apiname</TITLE>
<DOCUMENTATION>
The &lt;apiname&gt; element provides the name of
an application programming interface (API) such as a Java class name or method
name. This element is part of the DITA programming domain, a special set of
DITA elements designed to document programming tasks, concepts and reference
information.
</DOCUMENTATION>
</ELEMENT_STRINGS>
<ELEMENT_STRINGS element="parml">
<TITLE>parml</TITLE>
<DOCUMENTATION>
The parameter list (&lt;parml&gt;) element contains a list of
terms and definitions that describes the parameters in an application programming
interface. This is a special kind of definition list that is
designed for computer parameters. This element is part of the DITA programming
domain, a special set of DITA elements designed to document programming tasks,
concepts and reference information.
</DOCUMENTATION>
</ELEMENT_STRINGS>
<ELEMENT_STRINGS element="plentry">
<TITLE>plentry</TITLE>
<DOCUMENTATION>
The parameter list entry element (&lt;plentry&gt;) contains one or more parameter terms and definitions (pd and pt).
This element is part of the DITA programming domain, a special set of DITA elements designed to document
programming tasks, concepts and reference information.
</DOCUMENTATION>
</ELEMENT_STRINGS>
<ELEMENT_STRINGS element="pt">
<TITLE>pt</TITLE>
<DOCUMENTATION>
A parameter term, within a parameter list entry, is enclosed by the &lt;pt&gt; element.
This element is part of the DITA programming domain, a special set of DITA elements designed to document
programming tasks, concepts and reference information.
</DOCUMENTATION>
</ELEMENT_STRINGS>
<ELEMENT_STRINGS element="pd">
<TITLE>pd</TITLE>
<DOCUMENTATION>
A parameter definition, within a parameter list entry, is enclosed by the &lt;pd&gt; element.
This element is part of the DITA programming domain, a special set of DITA elements designed to document
programming tasks, concepts and reference information.
</DOCUMENTATION>
</ELEMENT_STRINGS>
<ELEMENT_STRINGS element="syntaxdiagram">
<TITLE>syntaxdiagram</TITLE>
<DOCUMENTATION>
The syntax diagram (&lt;syntaxdiagram&gt;) element
is the main container for all the syntax elements that make up a syntax definition.
The syntax diagram represents the syntax of a statement from a computer language,
or a command, function call or programming language statement. Traditionally,
the syntax diagram is formatted with railroad tracks that
connect the units of the syntax together, but this presentation may differ
depending on the output media. The syntax diagram element is part of the DITA
programming domain, a special set of DITA elements designed to document programming
tasks, concepts and reference information.
</DOCUMENTATION>
</ELEMENT_STRINGS>
<ELEMENT_STRINGS element="synblk">
<TITLE>synblk</TITLE>
<DOCUMENTATION>
The syntax block (&lt;synblk&gt;) element
organizes small pieces of a syntax definition into a larger piece. The syntax
block element is part of the DITA programming domain, a special set of DITA
elements designed to document programming tasks, concepts and reference information.
</DOCUMENTATION>
</ELEMENT_STRINGS>
<ELEMENT_STRINGS element="groupseq">
<TITLE>groupseq</TITLE>
<DOCUMENTATION>
The &lt;groupseq&gt; element is part of the subset
of elements that define syntax diagrams in DITA. A group is a logical set
of pieces of syntax that go together. Within the syntax definition, groups
of keywords, delimiters and other syntax units act as a combined unit, and
they occur in a specific sequence, as delimited by the &lt;groupseq&gt;
element. This element is part of the DITA programming domain, a special set
of DITA elements designed to document programming tasks, concepts and reference
information.
</DOCUMENTATION>
</ELEMENT_STRINGS>
<ELEMENT_STRINGS element="groupchoice">
<TITLE>groupchoice</TITLE>
<DOCUMENTATION>
The &lt;groupchoice&gt; element is part
of the subset of elements that define syntax diagrams in DITA. A group is
a logical set of pieces of syntax that go together. A group choice specifies
that the user must make a choice about which part of the syntax to use. Groups
are often nested. This element is part of the DITA programming domain, a special
set of DITA elements designed to document programming tasks, concepts and
reference information.
</DOCUMENTATION>
</ELEMENT_STRINGS>
<ELEMENT_STRINGS element="groupcomp">
<TITLE>groupcomp</TITLE>
<DOCUMENTATION>
The &lt;groupcomp&gt; element is part
of the subset of elements that define syntax diagrams in DITA. A group is
a logical set of pieces of syntax that go together. The group composite means
that the items that make up the syntax diagram will be formatted close together
rather than being separated by a horizontal or vertical line, which is the
usual formatting method. This element is part of the DITA programming domain,
a special set of DITA elements designed to document programming tasks, concepts
and reference information.
</DOCUMENTATION>
</ELEMENT_STRINGS>
<ELEMENT_STRINGS element="fragment">
<TITLE>fragment</TITLE>
<DOCUMENTATION>
Within a syntax definition, a &lt;fragment&gt; is
a labeled subpart of the syntax. The &lt;fragment&gt; element
allows breaking out logical chunks of a large syntax diagram
into named fragments. This element is part of the DITA programming domain,
a special set of DITA elements designed to document programming tasks, concepts
and reference information.
</DOCUMENTATION>
</ELEMENT_STRINGS>
<ELEMENT_STRINGS element="fragref">
<TITLE>fragref</TITLE>
<DOCUMENTATION>
The fragment reference (&lt;fragref&gt;) element provides a
logical reference to a syntax definition fragment so that you can reference
a syntax fragment multiple times. This element is part of the DITA programming
domain, a special set of DITA elements designed to document programming tasks,
concepts and reference information.
</DOCUMENTATION>
</ELEMENT_STRINGS>
<ELEMENT_STRINGS element="synnote">
<TITLE>synnote</TITLE>
<DOCUMENTATION>
The syntax note (&lt;synnote&gt;) element
contains a note (similar to a footnote) within a syntax definition group or
fragment. The syntax note explains aspects of the syntax that cannot be expressed
in the markup itself. The note will appear at the bottom of the syntax diagram
instead of at the bottom of the page. The syntax block element is part of
the DITA programming domain, a special set of DITA elements designed to document
programming tasks, concepts and reference information.
</DOCUMENTATION>
</ELEMENT_STRINGS>
<ELEMENT_STRINGS element="synnoteref">
<TITLE>synnoteref</TITLE>
<DOCUMENTATION>
The syntax note (&lt;synnoteref&gt;) reference element references
a syntax note element (&lt;synnote&gt;) that has already been defined
elsewhere in the topic. The same notation can be used in more than one syntax
definition. The syntax note reference element is part of the DITA programming
domain, a special set of DITA elements designed to document programming tasks,
concepts and reference information.
</DOCUMENTATION>
</ELEMENT_STRINGS>
<ELEMENT_STRINGS element="repsep">
<TITLE>repsep</TITLE>
<DOCUMENTATION>
The repeat separator (&lt;repsep&gt;) element defines
a group of syntax elements that can (or should) be repeated. If the &lt;repsep&gt;
element contains a separator character, such as a plus (+), this
indicates that the character must be used between repetitions of the syntax
elements. This element is part of the DITA programming domain, a special set
of DITA elements designed to document programming tasks, concepts and reference
information.
</DOCUMENTATION>
</ELEMENT_STRINGS>

<ELEMENT_STRINGS element="msgph">
<TITLE>msgph</TITLE>
<DOCUMENTATION>
The message phrase (&lt;msgph&gt;) element contains the text content
of a message produced by an application or program. It can also contain the
variable name (varname) element to illustrate where variable text content
can occur in the message. This element is part of the DITA software domain,
a special set of DITA elements designed to document software tasks, concepts
and reference information.
</DOCUMENTATION>
</ELEMENT_STRINGS>
<ELEMENT_STRINGS element="msgblock">
<TITLE>msgblock</TITLE>
<DOCUMENTATION>
The message block (&lt;msgblock&gt;) element contains a multi-line
message or set of messages. The message block can contain multiple message
numbers and message descriptions, each enclosed in a &lt;msgnum&gt; and &lt;msgph&gt; element.
It can also contain the message content directly. This element is part of
the DITA software domain, a special set of DITA elements designed to document
software tasks, concepts and reference information.
</DOCUMENTATION>
</ELEMENT_STRINGS>
<ELEMENT_STRINGS element="msgnum">
<TITLE>msgnum</TITLE>
<DOCUMENTATION>
The message number (&lt;msgnum&gt;) element contains the number
of a message produced by an application or program. This element is part of
the DITA software domain, a special set of DITA elements designed to document
software tasks, concepts and reference information.
</DOCUMENTATION>
</ELEMENT_STRINGS>
<ELEMENT_STRINGS element="cmdname">
<TITLE>cmdname</TITLE>
<DOCUMENTATION>
The command name (&lt;cmdname&gt;) element specifies the name of a command
when it is part of a software discussion. This element is part of the DITA
software domain, a special set of DITA elements designed to document software
tasks, concepts and reference information.
</DOCUMENTATION>
</ELEMENT_STRINGS>
<ELEMENT_STRINGS element="varname">
<TITLE>varname</TITLE>
<DOCUMENTATION>
The variable name (&lt;varname&gt;) element defines a variable
that must be supplied to a software application. The variable name element
is very similar to the variable (var) element, but variable name is used outside
of syntax diagrams, possibly within a message or API description to describe
a system variable or environment variable. This element is part of the DITA
software domain, a special set of DITA elements designed to document software
tasks, concepts and reference information.
</DOCUMENTATION>
</ELEMENT_STRINGS>
<ELEMENT_STRINGS element="filepath">
<TITLE>filepath</TITLE>
<DOCUMENTATION>
The &lt;filepath&gt; element indicates
the name and optionally the location of a referenced file by specifying the
directory containing the file, and other directories that may precede it in
the system hierarchy. This element is part of the DITA software domain, a
special set of DITA elements designed to document software tasks, concepts
and reference information.
</DOCUMENTATION>
</ELEMENT_STRINGS>
<ELEMENT_STRINGS element="userinput">
<TITLE>userinput</TITLE>
<DOCUMENTATION>
The user input (&lt;userinput&gt;) element represens the text
a user should input in response to a program or system prompt.
This element is part of the DITA software domain, a special set of DITA elements
designed to document software tasks, concepts and reference information.
</DOCUMENTATION>
</ELEMENT_STRINGS>
<ELEMENT_STRINGS element="systemoutput">
<TITLE>systemoutput</TITLE>
<DOCUMENTATION>
The system output (&lt;systemoutput&gt;) element
represents computer output or responses to a command or situation.
A generalized element, it represents any kind of output from the computer,
so the author may wish to choose more specific markup, such as msgph, for
messages from the application. The system output element is part of the DITA
software domain, a special set of DITA elements designed to document software
tasks, concepts and reference information.
</DOCUMENTATION>
</ELEMENT_STRINGS>

<ELEMENT_STRINGS element="uicontrol">
<TITLE>uicontrol</TITLE>
<DOCUMENTATION>
The user interface control (&lt;uicontrol&gt;) element represents
a button, entry field, menu item, or other object that allows the user to
control the interface. This could also include a menu or dialog. For example,
use the &lt;uicontrol&gt; element inside a &lt;menucascade&gt; element
when the menu item is nested, such as 
File
New. This element is part
of the DITA user interface domain, a special set of DITA elements designed
to document user interface tasks, concepts and reference information.
</DOCUMENTATION>
</ELEMENT_STRINGS>
<ELEMENT_STRINGS element="wintitle">
<TITLE>wintitle</TITLE>
<DOCUMENTATION>
The window title &lt;wintitle&gt; element represents the title
text that appears at the top of a window or dialog, and applies to wizard
titles, wizard page titles, and pane titles. This element is part of the DITA
user interface domain, a special set of DITA elements designed to document
user interface tasks, concepts and reference information.
</DOCUMENTATION>
</ELEMENT_STRINGS>
<ELEMENT_STRINGS element="menucascade">
<TITLE>menucascade</TITLE>
<DOCUMENTATION>
The &lt;menucascade&gt; element is used to document
a series of menu choices, or to show any choice on a menu from which the user
needs to choose. The &lt;menucascade&gt; element contains
one or more user interface control (&lt;uicontrol&gt;) elements,
for example: Start &gt; Programs &gt; Accessories &gt; Notepad. If
there is more than one &lt;uicontrol&gt; element, the formatter
may show connecting characters between the menu items to represent the menu
cascade. This element is part of the DITA user interface domain, a special
set of DITA elements designed to document user interface tasks, concepts and
reference information.
</DOCUMENTATION>
</ELEMENT_STRINGS>
<ELEMENT_STRINGS element="shortcut">
<TITLE>shortcut</TITLE>
<DOCUMENTATION>
The &lt;shortcut&gt; element identifies
a keyboard shortcut for a menu or window action. This element is part of the
DITA user interface domain, a special set of DITA elements designed to document
user interface tasks, concepts and reference information.
</DOCUMENTATION>
</ELEMENT_STRINGS>
<ELEMENT_STRINGS element="screen">
<TITLE>screen</TITLE>
<DOCUMENTATION>
The &lt;screen&gt; element contains or refers to a textual representation
of a computer screen or user interface panel (window).
</DOCUMENTATION>
</ELEMENT_STRINGS>

<ELEMENT_STRINGS element="imagemap">
<TITLE>imagemap</TITLE>
<DOCUMENTATION>
The imagemap element supports the basic functionality of the HTML client-side image map markup.
</DOCUMENTATION>
</ELEMENT_STRINGS>
<ELEMENT_STRINGS element="area">
<TITLE>area</TITLE>
<DOCUMENTATION>
The area element supports the basic functionality of the HTML image map markup.
</DOCUMENTATION>
</ELEMENT_STRINGS>
<ELEMENT_STRINGS element="coords">
<TITLE>coords</TITLE>
<DOCUMENTATION>
The coords element supports the basic functionality of the HTML client-side image map markup.
</DOCUMENTATION>
</ELEMENT_STRINGS>
<ELEMENT_STRINGS element="shape">
<TITLE>shape</TITLE>
<DOCUMENTATION>
The shape element supports the basic functionality of the HTML client-side image map markup.
</DOCUMENTATION>
</ELEMENT_STRINGS>

<ELEMENT_STRINGS element="audience">
<TITLE>audience</TITLE>
<DOCUMENTATION>The &lt;audience&gt; metadata element indicates,
through the value of its type attribute, the intended audience for a topic.
Since a topic can have multiple audiences, you can include multiple audience
elements. For each audience you specify, you can identify the high-level task
(job) they are trying to accomplish and the level
of experience (experiencelevel) expected.
</DOCUMENTATION>
</ELEMENT_STRINGS>
<ELEMENT_STRINGS element="author">
<TITLE>author</TITLE>
<DOCUMENTATION>The &lt;author&gt; metadata element contains the
name of the topic's author. The currently unsupported keyref attribute can
point to another location where the author information is defined.
</DOCUMENTATION>
</ELEMENT_STRINGS>
<ELEMENT_STRINGS element="brand">
<TITLE>brand</TITLE>
<DOCUMENTATION>The &lt;brand&gt; element indicates the manufacturer
or brand associated with the product described by the parent 
&lt;prodinfo&gt;
element.
</DOCUMENTATION>
</ELEMENT_STRINGS>
<ELEMENT_STRINGS element="category">
<TITLE>category</TITLE>
<DOCUMENTATION>The &lt;category&gt; element can represent any
category by which a topic might be classified for retrieval or navigation;
for example, the categories could be used to group topics in a generated navigation
bar. Topics can belong to multiple categories.
</DOCUMENTATION>
</ELEMENT_STRINGS>
<ELEMENT_STRINGS element="component">
<TITLE>component</TITLE>
<DOCUMENTATION>The &lt;component&gt; element describes the component
of the product that this topic is concerned with. For example, a product might
be made up of many components, each of which is installable separately. Components
might also be shared by several products so that the same component is available
for installation with many products. This identification can be used to check
cross-component dependencies when some components are installed, but not others.
It could also be used to make sure that topics are hidden, removed, or flagged
in some way when the component they describe isn't installed. Such process-control
logic is not currently supported in DITA processing.
</DOCUMENTATION>
</ELEMENT_STRINGS>
<ELEMENT_STRINGS element="copyrholder">
<TITLE>copyrholder</TITLE>
<DOCUMENTATION>The copyright holder (&lt;copyrholder&gt;) element
names the entity that holds legal rights to the material contained in the
topic.
</DOCUMENTATION>
</ELEMENT_STRINGS>
<ELEMENT_STRINGS element="copyright">
<TITLE>copyright</TITLE>
<DOCUMENTATION>The &lt;copyright&gt; element is used for a single
copyright entry. It includes the copyright years and the copyright holder.
Multiple &lt;copyright&gt; statements are allowed.
</DOCUMENTATION>
</ELEMENT_STRINGS>
<ELEMENT_STRINGS element="copyryear">
<TITLE>copyryear</TITLE>
<DOCUMENTATION>The &lt;copyryear&gt; element contains the copyright
year as specified by the year attribute. 
</DOCUMENTATION>
</ELEMENT_STRINGS>
<ELEMENT_STRINGS element="created">
<TITLE>created</TITLE>
<DOCUMENTATION>The &lt;created&gt; element specifies the document
creation date using the date attribute.
</DOCUMENTATION>
</ELEMENT_STRINGS>
<ELEMENT_STRINGS element="critdates">
<TITLE>critdates</TITLE>
<DOCUMENTATION>The &lt;critdates&gt; element contains the critical
dates in a document life cycle, such as the creation date and multiple revision
dates.
</DOCUMENTATION>
</ELEMENT_STRINGS>
<ELEMENT_STRINGS element="featnum">
<TITLE>featnum</TITLE>
<DOCUMENTATION>The &lt;featnum&gt; element contains the feature
number of a product in the document metadata.
</DOCUMENTATION>
</ELEMENT_STRINGS>
<ELEMENT_STRINGS element="keywords">
<TITLE>keywords</TITLE>
<DOCUMENTATION>The &lt;keywords&gt; element contains a list of
keyword entries (using 
indexterm
or 
keyword
markup) that can be used by a search
engine. 
</DOCUMENTATION>
</ELEMENT_STRINGS>
<ELEMENT_STRINGS element="metadata">
<TITLE>metadata</TITLE>
<DOCUMENTATION>The &lt;metadata&gt; section of the prolog contains
information about a topic such as audience and product information. Metadata
can be used by computational processes to select particular topics or to prepare
search indexes or to customize navigation.
</DOCUMENTATION>
</ELEMENT_STRINGS>
<ELEMENT_STRINGS element="othermeta">
<TITLE>othermeta</TITLE>
<DOCUMENTATION>The &lt;othermeta&gt; element can be used to identify
properties not otherwise included in &lt;metadata&gt; and
assign name/content values to those properties. The name attribute identifies
the property and the content attribute specifies the property's value. The
values in this attribute are output as HTML metadata elements, and have no
defined meaning for other possible outputs such as PDF.
</DOCUMENTATION>
</ELEMENT_STRINGS>
<ELEMENT_STRINGS element="permissions">
<TITLE>permissions</TITLE>
<DOCUMENTATION>The &lt;permissions&gt; empty prolog element can
indicate any preferred controls for access to a topic. Topics can be filtered
based on the permissions element. This capability depends on your output formatting
process.
</DOCUMENTATION>
</ELEMENT_STRINGS>
<ELEMENT_STRINGS element="platform">
<TITLE>platform</TITLE>
<DOCUMENTATION>The &lt;platform&gt; metadata element contains
a description of the operating system and/or hardware related to the product
being described by the &lt;prodinfo&gt; element.
</DOCUMENTATION>
</ELEMENT_STRINGS>
<ELEMENT_STRINGS element="prodinfo">
<TITLE>prodinfo</TITLE>
<DOCUMENTATION>The &lt;prodinfo&gt; metadata element in the prolog
contains information about the product or products that are the subject matter
of the current topic.
</DOCUMENTATION>
</ELEMENT_STRINGS>
<ELEMENT_STRINGS element="prodname">
<TITLE>prodname</TITLE>
<DOCUMENTATION>The &lt;prodname&gt; metadata element contains
the name of the product that is supported by the information in this topic.
</DOCUMENTATION>
</ELEMENT_STRINGS>
<ELEMENT_STRINGS element="prognum">
<TITLE>prognum</TITLE>
<DOCUMENTATION>The &lt;prognum&gt; metadata element identifies
the program number of the associated program product. This is typically an
order number or a product tracking code that could be replaced by an order
number when a product completes development.
</DOCUMENTATION>
</ELEMENT_STRINGS>
<ELEMENT_STRINGS element="prolog">
<TITLE>prolog</TITLE>
<DOCUMENTATION>The &lt;prolog&gt; element contains information
about the topic as an whole (for example, author information or subject category)
that is either entered by the author or machine-maintained. Much of the metadata
inside the &lt;prolog&gt; will not be displayed with the topic
on output, but may be used by processes that generate search indexes or customize
navigation.
</DOCUMENTATION>
</ELEMENT_STRINGS>
<ELEMENT_STRINGS element="publisher">
<TITLE>publisher</TITLE>
<DOCUMENTATION>The &lt;publisher&gt; metadata element contains
the name of the person, company, or organization responsible for making the
content or subject of the topic available.
</DOCUMENTATION>
</ELEMENT_STRINGS>
<ELEMENT_STRINGS element="resourceid">
<TITLE>resourceid</TITLE>
<DOCUMENTATION>The &lt;resourceid&gt; element provides an identifier
for applications that require them in a particular format, when the normal
id attribute of the topic can't be used. Each resourceid entry should be unique.
It is one of the metadata elements that can be included within the prolog
of a topic, along with document tracking and product information, etc. The
element has no content, but takes an id attribute
or an appname attribute.
</DOCUMENTATION>
</ELEMENT_STRINGS>
<ELEMENT_STRINGS element="revised">
<TITLE>revised</TITLE>
<DOCUMENTATION>The &lt;revised&gt; element in the prolog is used
to maintain tracking dates that are important in a topic development cycle,
such as the last modification date, the original availability date, and the
expiration date.
</DOCUMENTATION>
</ELEMENT_STRINGS>
<ELEMENT_STRINGS element="series">
<TITLE>series</TITLE>
<DOCUMENTATION>The &lt;series&gt; metadata element contains information
about the product series that the topic supports.
</DOCUMENTATION>
</ELEMENT_STRINGS>
<ELEMENT_STRINGS element="source">
<TITLE>source</TITLE>
<DOCUMENTATION>The &lt;source&gt; element contains a reference
to a resource from which the present topic is derived, either completely or
in part. The element can contain a description of the resource; the href reference
can be a string or a URL that points to it.
</DOCUMENTATION>
</ELEMENT_STRINGS>
<ELEMENT_STRINGS element="vrm">
<TITLE>vrm</TITLE>
<DOCUMENTATION>The empty &lt;vrm&gt; element contains information about a single product's
version, modification, and release, to which the current topic applies.
</DOCUMENTATION>
</ELEMENT_STRINGS>
<ELEMENT_STRINGS element="vrmlist">
<TITLE>vrmlist</TITLE>
<DOCUMENTATION>The &lt;vrmlist&gt; element contains a set of &lt;vrm&gt;
elements for logging the version, release, and modification information for
multiple products or versions of products to which the topic applies.
</DOCUMENTATION>
</ELEMENT_STRINGS>

<ELEMENT_STRINGS element="link">
<TITLE>link</TITLE>
<DOCUMENTATION>The &lt;link&gt; element defines a relationship
to another topic. Links represent the types and roles of topics in a web of
information, and therefore represent navigational links within that web. The
parent structures of link allow authors to define named groups and even sort
orders that can be applied to sets of links. 
</DOCUMENTATION>
</ELEMENT_STRINGS>
<ELEMENT_STRINGS element="linkinfo">
<TITLE>linkinfo</TITLE>
<DOCUMENTATION>
The &lt;linkinfo&gt; element allows you to place
a descriptive paragraph following a list of links in a 
linklist
element. 
</DOCUMENTATION>
</ELEMENT_STRINGS>
<ELEMENT_STRINGS element="linklist">
<TITLE>linklist</TITLE>
<DOCUMENTATION>The &lt;linklist&gt; element defines an author-arranged
group of links. Within &lt;linklist&gt;, the organization
of links on final output is in the same order as originally authored in the
DITA topic file.
</DOCUMENTATION>
</ELEMENT_STRINGS>
<ELEMENT_STRINGS element="linkpool">
<TITLE>linkpool</TITLE>
<DOCUMENTATION>The &lt;linkpool&gt; element defines a group of
links that have common characteristics, such as type or audience or source.
Within &lt;linkpool&gt;, the organization of links on final
output is determined by the output process, not by the order that the links
actually occur in the DITA topic file.
</DOCUMENTATION>
</ELEMENT_STRINGS>
<ELEMENT_STRINGS element="linktext">
<TITLE>linktext</TITLE>
<DOCUMENTATION>The &lt;linktext&gt; element provides the literal
label or line of text for a link. In most cases, the text of a link can be
resolved during processing by cross reference with the target resource. Use
the &lt;linktext&gt; element only when the target cannot be
reached, such as when it is a peer or external link.
</DOCUMENTATION>
</ELEMENT_STRINGS>

<ELEMENT_STRINGS element="boolean">
<TITLE>boolean</TITLE>
<DOCUMENTATION>( Deprecated ) - The &lt;boolean&gt; element is used to express
one of two opposite values, such as yes or no, on or off, true or false, high
or low, and so forth. The element itself is empty; the value of the element
is stored in its state attribute, and
the semantic associated with the value is typically in a specialized name
derived from this element. If you need more than two values (for example,
"yes," "no" and "don't care") use the 
&lt;state&gt;
element instead. This element is primarily for specialization, where
it can be used to require a logical true or false designation in a particular
part of the document.
</DOCUMENTATION>
</ELEMENT_STRINGS>
<ELEMENT_STRINGS element="data">
<TITLE>data</TITLE>
<DOCUMENTATION>The &lt;data&gt; element represents a property
within a DITA topic or map. While the &lt;data&gt; element
can be used directly to capture properties, it is particularly useful as a
basis for specialization. Default processing treats the property values as
an unknown kind of metadata, but custom processing can match the name attribute
or specialized element to format properties as sidebars or other adornments
or to harvest properties for automated processing. 
</DOCUMENTATION>
</ELEMENT_STRINGS>
<ELEMENT_STRINGS element="data-about">
<TITLE>data-about</TITLE>
<DOCUMENTATION>The &lt;data-about&gt; element identifies the subject
of a property when the subject isn't associated with the context in which
the property is specified. The property itself is expressed by the &lt;data&gt;
element. The &lt;data-about&gt; element handles exception
cases where a property must be expressed somewhere other than inside the actual
subject of the property. The &lt;data-about&gt; element is
particularly useful as a basis for specialization in combination with the &lt;data&gt;
element.

Don't use the &lt;data-about&gt;
element to identify the object of a property. The href attribute
of the &lt;data&gt; element serves that purpose.
</DOCUMENTATION>
</ELEMENT_STRINGS>
<ELEMENT_STRINGS element="draft-comment">
<TITLE>draft-comment</TITLE>
<DOCUMENTATION>The &lt;draft-comment&gt; element allows simple
review and discussion of topic contents within the marked-up content. Use
the &lt;draft-comment&gt; element to ask a question or make a comment that you
would like others to review. To indicate the source of the draft comment or
the status of the comment, use the author, time or disposition attributes.
</DOCUMENTATION>
</ELEMENT_STRINGS>
<ELEMENT_STRINGS element="fn">
<TITLE>fn</TITLE>
<DOCUMENTATION>Use footnote (&lt;fn&gt;) to annotate text with
notes that are not appropriate for inclusion in line or to indicate the source
for facts or other material used in the text.
</DOCUMENTATION>
</ELEMENT_STRINGS>
<ELEMENT_STRINGS element="foreign">
<TITLE>foreign</TITLE>
<DOCUMENTATION>The &lt;foreign&gt; element is an open extension that allows information architects 
to incorporate existing standard vocabularies for non-textual content. like MathML and SVG, as inline 
objects. If &lt;foreign&gt; contains more than one alternative content element, they will all be processed. 
Specialization of &lt;foreign&gt; should be implemented as a domain, but for those looking for more 
control over the content can implement foreign vocabulary as an element specialization.
</DOCUMENTATION>
</ELEMENT_STRINGS>
<ELEMENT_STRINGS element="itemgroup">
<TITLE>itemgroup</TITLE>
<DOCUMENTATION>The &lt;itemgroup&gt; element is reserved for specialization
of DITA. As a container element, it can be used to sub-divide or organize
elements that occur inside a list item, definition, or parameter definition.
</DOCUMENTATION>
</ELEMENT_STRINGS>
<ELEMENT_STRINGS element="no-topic-nesting">
<TITLE>no-topic-nesting</TITLE>
<DOCUMENTATION>The &lt;no-topic-nesting&gt; element is a placeholder
in the DITA architecture. It is not actually used by the DITA XSDs; it is
for use only when creating a customized XSD where the information designer
wants to eliminate the ability to nest topics. Not for use by authors. 
</DOCUMENTATION>
</ELEMENT_STRINGS>
<ELEMENT_STRINGS element="required-cleanup">
<TITLE>required-cleanup</TITLE>
<DOCUMENTATION>A &lt;required-cleanup&gt; element is used as a
placeholder for migrated elements that cannot be appropriately tagged without
manual intervention. As the element name implies, the intent for authors is
to clean up the contained material and eventually get rid of the &lt;required-cleanup&gt;
element. Authors should not insert this element into documents. 
</DOCUMENTATION>
</ELEMENT_STRINGS>
<ELEMENT_STRINGS element="state">
<TITLE>state</TITLE>
<DOCUMENTATION>The &lt;state&gt; element specifies a name/value
pair whenever it is necessary to represent a named state that has a variable
value. The element is primarily intended for use in specializations to represent
specific states (like logic circuit states, chemical reaction states, airplane
instrumentation states, and so forth).
</DOCUMENTATION>
</ELEMENT_STRINGS>
<ELEMENT_STRINGS element="term">
<TITLE>term</TITLE>
<DOCUMENTATION>The &lt;term&gt; element identifies words that
represent extended definitions or explanations. In future development of DITA,
for example, terms might provide associative linking to matching glossary
entries.
</DOCUMENTATION>
</ELEMENT_STRINGS>
<ELEMENT_STRINGS element="tm">
<TITLE>tm</TITLE>
<DOCUMENTATION>The trademark (&lt;tm&gt;) element in DITA is used
to markup and identify a term or phrase that is trademarked. Trademarks include
registered trademarks, service marks, slogans and logos.
</DOCUMENTATION>
</ELEMENT_STRINGS>
<ELEMENT_STRINGS element="unknown">
<TITLE>unknown</TITLE>
<DOCUMENTATION>
The &lt;unknown&gt; element is an open extension that allows information architects to
incorporate xml fragments that does not necessarily fit into an exisitng DITA use case.
The base processing for &lt;unknown&gt; is to supress unless otherwise instructed.
</DOCUMENTATION>
</ELEMENT_STRINGS>

<ELEMENT_STRINGS element="index-base">
<TITLE>index-base</TITLE>
<DOCUMENTATION>
The &lt;index-base&gt; element allows indexing extensions to be added by specializing off this
element. It does not in itself have any meaning and should be ignored in processing.
</DOCUMENTATION>
</ELEMENT_STRINGS>
<ELEMENT_STRINGS element="index-see">
<TITLE>index-see</TITLE>
</ELEMENT_STRINGS>
<ELEMENT_STRINGS element="index-see-also">
<TITLE>index-see-also</TITLE>
</ELEMENT_STRINGS>
<ELEMENT_STRINGS element="index-sort-as">
<TITLE>index-sort-as</TITLE>
</ELEMENT_STRINGS>
<ELEMENT_STRINGS element="indexterm">
<TITLE>indexterm</TITLE>
<DOCUMENTATION>
An &lt;indexterm&gt; is an index entry. You can
nest entries to create multi-level indexes. The content is not output as part
of topic content, only as part of the index.
</DOCUMENTATION>
</ELEMENT_STRINGS>
<ELEMENT_STRINGS element="indextermref">
<TITLE>indextermref</TITLE>
<DOCUMENTATION>An &lt;indextermref&gt; is a reference to an index
entry in a lookup table used by the indexing process. If you want to create
index markers pointing to referenced items, but only want page numbers instead
of separate index entries to be generated, use the index term reference &lt;indextermref&gt;
element. This adds the page number of the reference to the index without creating
a separate index entry. 
</DOCUMENTATION>
</ELEMENT_STRINGS>

<ELEMENT_STRINGS element="glossgroup">
<TITLE>glossgroup</TITLE>
</ELEMENT_STRINGS>
<ELEMENT_STRINGS element="glossentry">
<TITLE>glossentry</TITLE>
</ELEMENT_STRINGS>
<ELEMENT_STRINGS element="glossterm">
<TITLE>glossterm</TITLE>
</ELEMENT_STRINGS>
<ELEMENT_STRINGS element="glossdef">
<TITLE>glossdef</TITLE>
</ELEMENT_STRINGS>
<ELEMENT_STRINGS element="glossBody">
<TITLE>glossBody</TITLE>
</ELEMENT_STRINGS>
<ELEMENT_STRINGS element="glossAbbreviation">
<TITLE>glossAbbreviation</TITLE>
</ELEMENT_STRINGS>
<ELEMENT_STRINGS element="glossAcronym">
<TITLE>glossAcronym</TITLE>
</ELEMENT_STRINGS>
<ELEMENT_STRINGS element="glossShortForm">
<TITLE>glossShortForm</TITLE>
</ELEMENT_STRINGS>
<ELEMENT_STRINGS element="glossSynonym">
<TITLE>glossSynonym</TITLE>
</ELEMENT_STRINGS>
<ELEMENT_STRINGS element="glossPartOfSpeech">
<TITLE>glossPartOfSpeech</TITLE>
</ELEMENT_STRINGS>
<ELEMENT_STRINGS element="glossStatus">
<TITLE>glossStatus</TITLE>
</ELEMENT_STRINGS>
<ELEMENT_STRINGS element="glossProperty">
<TITLE>glossProperty</TITLE>
</ELEMENT_STRINGS>
<ELEMENT_STRINGS element="glossSurfaceForm">
<TITLE>glossSurfaceForm</TITLE>
</ELEMENT_STRINGS>
<ELEMENT_STRINGS element="glossUsage">
<TITLE>glossUsage</TITLE>
</ELEMENT_STRINGS>
<ELEMENT_STRINGS element="glossScopeNote">
<TITLE>glossScopeNote</TITLE>
</ELEMENT_STRINGS>
<ELEMENT_STRINGS element="glossSymbol">
<TITLE>glossSymbol</TITLE>
</ELEMENT_STRINGS>
<ELEMENT_STRINGS element="glossAlternateFor">
<TITLE>glossAlternateFor</TITLE>
</ELEMENT_STRINGS>
<ELEMENT_STRINGS element="glossAlt">
<TITLE>glossAlt</TITLE>
</ELEMENT_STRINGS>

<ELEMENT_STRINGS element="hazardstatement">
<TITLE>hazardstatement</TITLE>
</ELEMENT_STRINGS>
<ELEMENT_STRINGS element="consequence">
<TITLE>consequence</TITLE>
</ELEMENT_STRINGS>
<ELEMENT_STRINGS element="hazardsymbol">
<TITLE>hazardsymbol</TITLE>
</ELEMENT_STRINGS>
<ELEMENT_STRINGS element="howtoavoid">
<TITLE>howtoavoid</TITLE>
</ELEMENT_STRINGS>
<ELEMENT_STRINGS element="messagepanel">
<TITLE>messagepanel</TITLE>
</ELEMENT_STRINGS>
<ELEMENT_STRINGS element="typeofhazard">
<TITLE>typeofhazard</TITLE>
</ELEMENT_STRINGS>




</STRINGS>
</DAXE_CONFIG>
