<?xml version="1.0" encoding="UTF-8"?>
<DAXE_CONFIG>
  <LANGUAGE>
    <SCHEMA_FILE name="xhtml1-strict.xsd"/>
    <ROOT element="html"/>
  </LANGUAGE>
  
  <MENUS>
    <MENU name="structure">
      <INSERT_MENU name="html" node_type="element"/>
      <INSERT_MENU name="head" node_type="element"/>
      <INSERT_MENU name="title" node_type="element"/>
      <INSERT_MENU name="meta" node_type="element"/>
      <INSERT_MENU name="link" node_type="element"/>
      <INSERT_MENU name="body" node_type="element"/>
    </MENU>
    <MENU name="divisions">
      <INSERT_MENU name="h1" node_type="element"/>
      <INSERT_MENU name="h2" node_type="element"/>
      <INSERT_MENU name="h3" node_type="element"/>
      <INSERT_MENU name="h4" node_type="element"/>
      <INSERT_MENU name="h5" node_type="element"/>
      <INSERT_MENU name="div" node_type="element"/>
      <INSERT_MENU name="hr" node_type="element"/>
    </MENU>
    <MENU name="texte">
      <INSERT_MENU name="p" node_type="element" shortcut="P"/>
      <INSERT_MENU name="a" node_type="element"/>
      <INSERT_MENU name="blockquote" node_type="element"/>
      <INSERT_MENU name="pre" node_type="element"/>
      <INSERT_MENU name="em" node_type="element"/>
      <INSERT_MENU name="span" node_type="element"/>
      <INSERT_MENU name="strong" node_type="element"/>
      <INSERT_MENU name="tt" node_type="element"/>
      <INSERT_MENU name="abbr" node_type="element"/>
      <INSERT_MENU name="acronym" node_type="element"/>
      <INSERT_MENU name="address" node_type="element"/>
      <INSERT_MENU name="br" node_type="element"/>
      <INSERT_MENU name="cite" node_type="element"/>
      <INSERT_MENU name="code" node_type="element"/>
      <INSERT_MENU name="style" node_type="element"/>
      <INSERT_MENU name="commentaire" node_type="comment"/>
    </MENU>
    <MENU name="listes_tables">
      <INSERT_MENU name="ul" node_type="element"/>
      <INSERT_MENU name="li" node_type="element"/>
      <INSERT_MENU name="ol" node_type="element"/>
      <INSERT_MENU name="dl" node_type="element"/>
      <INSERT_MENU name="dt" node_type="element"/>
      <INSERT_MENU name="dd" node_type="element"/>
      <INSERT_MENU name="table" node_type="element"/>
    </MENU>
    <MENU name="objets">
      <INSERT_MENU name="img" node_type="element"/>
      <INSERT_MENU name="object" node_type="element"/>
      <INSERT_MENU name="param" node_type="element"/>
    </MENU>
    <MENU name="formulaires">
      <INSERT_MENU name="form" node_type="element"/>
      <INSERT_MENU name="input" node_type="element"/>
      <INSERT_MENU name="label" node_type="element"/>
      <INSERT_MENU name="select" node_type="element"/>
      <INSERT_MENU name="option" node_type="element"/>
      <INSERT_MENU name="textarea" node_type="element"/>
    </MENU>
    <MENU name="styles">
      <FUNCTION_MENU function_name="jaxe.FonctionNormal" name="normal"/>
      <INSERT_MENU name="sup" node_type="element"/>
      <INSERT_MENU name="sub" node_type="element"/>
      <INSERT_MENU name="i" node_type="element"/>
      <INSERT_MENU name="b" node_type="element"/>
    </MENU>
  </MENUS>
  
  <ELEMENTS_DISPLAY>
    <ELEMENT_DISPLAY element="html" type="division"/>
    <ELEMENT_DISPLAY element="head" type="division"/>
    <ELEMENT_DISPLAY element="title" type="string">
      <PARAMETER name="style" value="BOLD"/>
    </ELEMENT_DISPLAY>
    <ELEMENT_DISPLAY element="meta" type="empty">
      <PARAMETER name="titleAtt" value="name"/>
    </ELEMENT_DISPLAY>
    <ELEMENT_DISPLAY element="link" type="empty"/>
    <ELEMENT_DISPLAY element="body" type="division"/>
    <ELEMENT_DISPLAY element="h1" type="string">
      <PARAMETER name="style" value="BOLD"/>
      <PARAMETER name="font" value="Helvetica"/>
      <PARAMETER name="size" value="24"/>
    </ELEMENT_DISPLAY>
    <ELEMENT_DISPLAY element="h2" type="string">
      <PARAMETER name="style" value="BOLD"/>
      <PARAMETER name="size" value="16"/>
    </ELEMENT_DISPLAY>
    <ELEMENT_DISPLAY element="h3" type="string">
      <PARAMETER name="style" value="BOLD"/>
    </ELEMENT_DISPLAY>
    <ELEMENT_DISPLAY element="h4" type="string"/>
    <ELEMENT_DISPLAY element="h5" type="string"/>
    <ELEMENT_DISPLAY element="div" type="division"/>
    <ELEMENT_DISPLAY element="hr" type="hr"/>
    <ELEMENT_DISPLAY element="p" type="hiddenp"/>
    <ELEMENT_DISPLAY element="a" type="anchor"/>
    <ELEMENT_DISPLAY element="blockquote" type="area"/>
    <ELEMENT_DISPLAY element="pre" type="area">
      <PARAMETER name="font" value="Monospaced"/>
    </ELEMENT_DISPLAY>
    <ELEMENT_DISPLAY element="em" type="string">
      <PARAMETER name="style" value="ITALIC"/>
    </ELEMENT_DISPLAY>
    <ELEMENT_DISPLAY element="span" type="stylespan"/>
    <ELEMENT_DISPLAY element="strong" type="string"/>
    <ELEMENT_DISPLAY element="tt" type="string">
      <PARAMETER name="font" value="Monospaced"/>
    </ELEMENT_DISPLAY>
    <ELEMENT_DISPLAY element="abbr" type="string"/>
    <ELEMENT_DISPLAY element="acronym" type="string"/>
    <ELEMENT_DISPLAY element="address" type="string"/>
    <ELEMENT_DISPLAY element="br" type="empty"/>
    <ELEMENT_DISPLAY element="cite" type="string"/>
    <ELEMENT_DISPLAY element="code" type="area">
      <PARAMETER name="font" value="Monospaced"/>
    </ELEMENT_DISPLAY>
    <ELEMENT_DISPLAY element="style" type="area">
      <PARAMETER name="titleAtt" value="type"/>
    </ELEMENT_DISPLAY>
    <ELEMENT_DISPLAY element="ul" type="wlist"/>
    <ELEMENT_DISPLAY element="li" type="witem"/>
    <ELEMENT_DISPLAY element="ol" type="wlist">
      <PARAMETER name="type" value="ol"/>
    </ELEMENT_DISPLAY>
    <ELEMENT_DISPLAY element="dl" type="area"/>
    <ELEMENT_DISPLAY element="dt" type="string"/>
    <ELEMENT_DISPLAY element="dd" type="string"/>
    <ELEMENT_DISPLAY element="table" type="table">
      <PARAMETER name="trTag" value="tr"/>
      <PARAMETER name="tdTag" value="td"/>
      <PARAMETER name="thTag" value="th"/>
      <PARAMETER name="colspanAttr" value="colspan"/>
      <PARAMETER name="rowspanAttr" value="rowspan"/>
      <PARAMETER name="alignAttr" value="align"/>
    </ELEMENT_DISPLAY>
    <ELEMENT_DISPLAY element="tr" type="area"/>
    <ELEMENT_DISPLAY element="td" type="string"/>
    <ELEMENT_DISPLAY element="th" type="string">
      <PARAMETER name="style" value="BOLD"/>
    </ELEMENT_DISPLAY>
    <ELEMENT_DISPLAY element="img" type="file">
      <PARAMETER name="srcAtt" value="src"/>
    </ELEMENT_DISPLAY>
    <ELEMENT_DISPLAY element="object" type="area"/>
    <ELEMENT_DISPLAY element="param" type="empty">
      <PARAMETER name="titleAtt" value="name"/>
    </ELEMENT_DISPLAY>
    <ELEMENT_DISPLAY element="form" type="area"/>
    <ELEMENT_DISPLAY element="input" type="empty"/>
    <ELEMENT_DISPLAY element="label" type="string"/>
    <ELEMENT_DISPLAY element="select" type="area"/>
    <ELEMENT_DISPLAY element="option" type="string"/>
    <ELEMENT_DISPLAY element="textarea" type="string"/>
    <ELEMENT_DISPLAY element="sup" type="style">
      <PARAMETER name="style" value="SUPERSCRIPT"/>
    </ELEMENT_DISPLAY>
    <ELEMENT_DISPLAY element="sub" type="style">
      <PARAMETER name="style" value="SUBSCRIPT"/>
    </ELEMENT_DISPLAY>
    <ELEMENT_DISPLAY element="i" type="style">
      <PARAMETER name="style" value="ITALIC"/>
    </ELEMENT_DISPLAY>
    <ELEMENT_DISPLAY element="b" type="style">
      <PARAMETER name="style" value="BOLD"/>
    </ELEMENT_DISPLAY>
  </ELEMENTS_DISPLAY>
  
  
  
  <STRINGS language="en">
    <CONFIG_DESCRIPTION>XHTML strict</CONFIG_DESCRIPTION>
    
    <MENU_STRINGS menu="structure">
      <TITLE>Structure</TITLE>
    </MENU_STRINGS>
    <MENU_STRINGS menu="html">
      <TITLE>html</TITLE>
    </MENU_STRINGS>
    <MENU_STRINGS menu="head">
      <TITLE>head</TITLE>
    </MENU_STRINGS>
    <MENU_STRINGS menu="title">
      <TITLE>title</TITLE>
    </MENU_STRINGS>
    <MENU_STRINGS menu="meta">
      <TITLE>meta</TITLE>
    </MENU_STRINGS>
    <MENU_STRINGS menu="link">
      <TITLE>link</TITLE>
    </MENU_STRINGS>
    <MENU_STRINGS menu="body">
      <TITLE>body</TITLE>
    </MENU_STRINGS>
    
    <MENU_STRINGS menu="divisions">
      <TITLE>Divisions</TITLE>
    </MENU_STRINGS>
    <MENU_STRINGS menu="h1">
      <TITLE>heading 1</TITLE>
    </MENU_STRINGS>
    <MENU_STRINGS menu="h2">
      <TITLE>heading 2</TITLE>
    </MENU_STRINGS>
    <MENU_STRINGS menu="h3">
      <TITLE>heading 3</TITLE>
    </MENU_STRINGS>
    <MENU_STRINGS menu="h4">
      <TITLE>heading 4</TITLE>
    </MENU_STRINGS>
    <MENU_STRINGS menu="h5">
      <TITLE>heading 5</TITLE>
    </MENU_STRINGS>
    <MENU_STRINGS menu="div">
      <TITLE>division</TITLE>
    </MENU_STRINGS>
    <MENU_STRINGS menu="hr">
      <TITLE>horizontal line</TITLE>
    </MENU_STRINGS>
    
    <MENU_STRINGS menu="texte">
      <TITLE>Text</TITLE>
    </MENU_STRINGS>
    <MENU_STRINGS menu="p">
      <TITLE>paragraph</TITLE>
    </MENU_STRINGS>
    <MENU_STRINGS menu="a">
      <TITLE>anchor</TITLE>
    </MENU_STRINGS>
    <MENU_STRINGS menu="blockquote">
      <TITLE>blockquote</TITLE>
    </MENU_STRINGS>
    <MENU_STRINGS menu="pre">
      <TITLE>preformat</TITLE>
    </MENU_STRINGS>
    <MENU_STRINGS menu="em">
      <TITLE>emphasis</TITLE>
    </MENU_STRINGS>
    <MENU_STRINGS menu="strong">
      <TITLE>strong</TITLE>
    </MENU_STRINGS>
    <MENU_STRINGS menu="tt">
      <TITLE>fixed width (tt)</TITLE>
    </MENU_STRINGS>
    <MENU_STRINGS menu="abbr">
      <TITLE>abbreviation</TITLE>
    </MENU_STRINGS>
    <MENU_STRINGS menu="acronym">
      <TITLE>acronym</TITLE>
    </MENU_STRINGS>
    <MENU_STRINGS menu="address">
      <TITLE>address</TITLE>
    </MENU_STRINGS>
    <MENU_STRINGS menu="br">
      <TITLE>line break (br)</TITLE>
    </MENU_STRINGS>
    <MENU_STRINGS menu="cite">
      <TITLE>citation</TITLE>
    </MENU_STRINGS>
    <MENU_STRINGS menu="code">
      <TITLE>code</TITLE>
    </MENU_STRINGS>
    <MENU_STRINGS menu="style">
      <TITLE>style</TITLE>
    </MENU_STRINGS>
    <MENU_STRINGS menu="commentaire">
      <TITLE>XML comment</TITLE>
    </MENU_STRINGS>
    
    <MENU_STRINGS menu="listes_tables">
      <TITLE>Lists and Tables</TITLE>
    </MENU_STRINGS>
    <MENU_STRINGS menu="ul">
      <TITLE>bulleted list (ul)</TITLE>
    </MENU_STRINGS>
    <MENU_STRINGS menu="li">
      <TITLE>list item (li)</TITLE>
    </MENU_STRINGS>
    <MENU_STRINGS menu="ol">
      <TITLE>ordered list (ol)</TITLE>
    </MENU_STRINGS>
    <MENU_STRINGS menu="dl">
      <TITLE>definition list (dl)</TITLE>
    </MENU_STRINGS>
    <MENU_STRINGS menu="dt">
      <TITLE>definition term (dt)</TITLE>
    </MENU_STRINGS>
    <MENU_STRINGS menu="dd">
      <TITLE>definition (dd)</TITLE>
    </MENU_STRINGS>
    <MENU_STRINGS menu="table">
      <TITLE>table</TITLE>
    </MENU_STRINGS>
    
    <MENU_STRINGS menu="objets">
      <TITLE>Objects</TITLE>
    </MENU_STRINGS>
    <MENU_STRINGS menu="img">
      <TITLE>image</TITLE>
    </MENU_STRINGS>
    <MENU_STRINGS menu="object">
      <TITLE>object</TITLE>
    </MENU_STRINGS>
    <MENU_STRINGS menu="param">
      <TITLE>parameter</TITLE>
    </MENU_STRINGS>
    
    <MENU_STRINGS menu="formulaires">
      <TITLE>Forms</TITLE>
    </MENU_STRINGS>
    <MENU_STRINGS menu="form">
      <TITLE>form</TITLE>
    </MENU_STRINGS>
    <MENU_STRINGS menu="input">
      <TITLE>input</TITLE>
    </MENU_STRINGS>
    <MENU_STRINGS menu="label">
      <TITLE>label</TITLE>
    </MENU_STRINGS>
    <MENU_STRINGS menu="select">
      <TITLE>select</TITLE>
    </MENU_STRINGS>
    <MENU_STRINGS menu="option">
      <TITLE>option</TITLE>
    </MENU_STRINGS>
    <MENU_STRINGS menu="textarea">
      <TITLE>textarea</TITLE>
    </MENU_STRINGS>
    
    <MENU_STRINGS menu="styles">
      <TITLE>Styles</TITLE>
    </MENU_STRINGS>
    <MENU_STRINGS menu="normal">
      <TITLE>standard</TITLE>
      <DOCUMENTATION>
        Removes all the styles in the selected text
      </DOCUMENTATION>
    </MENU_STRINGS>
    <MENU_STRINGS menu="sup">
      <TITLE>superscript</TITLE>
    </MENU_STRINGS>
    <MENU_STRINGS menu="sub">
      <TITLE>subscript</TITLE>
    </MENU_STRINGS>
    <MENU_STRINGS menu="i">
      <TITLE>italic</TITLE>
    </MENU_STRINGS>
    <MENU_STRINGS menu="b">
      <TITLE>bold</TITLE>
    </MENU_STRINGS>
  </STRINGS>
  
  
  <STRINGS language="fr">
    <CONFIG_DESCRIPTION>XHTML strict</CONFIG_DESCRIPTION>
    
    <MENU_STRINGS menu="structure">
      <TITLE>Structure</TITLE>
    </MENU_STRINGS>
    <MENU_STRINGS menu="html">
      <TITLE>Document XHTML</TITLE>
    </MENU_STRINGS>
    <MENU_STRINGS menu="head">
      <TITLE>Entête (head)</TITLE>
    </MENU_STRINGS>
    <MENU_STRINGS menu="title">
      <TITLE>Titre (title)</TITLE>
    </MENU_STRINGS>
    <MENU_STRINGS menu="meta">
      <TITLE>Métadonnée (meta)</TITLE>
    </MENU_STRINGS>
    <MENU_STRINGS menu="link">
      <TITLE>Lien (link)</TITLE>
    </MENU_STRINGS>
    <MENU_STRINGS menu="body">
      <TITLE>Corps du document (body)</TITLE>
    </MENU_STRINGS>
    
    <MENU_STRINGS menu="divisions">
      <TITLE>Divisions</TITLE>
    </MENU_STRINGS>
    <MENU_STRINGS menu="h1">
      <TITLE>Titre niveau 1 (h1)</TITLE>
    </MENU_STRINGS>
    <MENU_STRINGS menu="h2">
      <TITLE>Titre niveau 2 (h2)</TITLE>
    </MENU_STRINGS>
    <MENU_STRINGS menu="h3">
      <TITLE>Titre niveau 3 (h3)</TITLE>
    </MENU_STRINGS>
    <MENU_STRINGS menu="h4">
      <TITLE>Titre niveau 4 (h4)</TITLE>
    </MENU_STRINGS>
    <MENU_STRINGS menu="h5">
      <TITLE>Titre niveau 5 (h5)</TITLE>
    </MENU_STRINGS>
    <MENU_STRINGS menu="div">
      <TITLE>Division (div)</TITLE>
    </MENU_STRINGS>
    <MENU_STRINGS menu="hr">
      <TITLE>ligne de division (hr)</TITLE>
    </MENU_STRINGS>
    
    <MENU_STRINGS menu="texte">
      <TITLE>Texte</TITLE>
    </MENU_STRINGS>
    <MENU_STRINGS menu="p">
      <TITLE>Paragraphe (p)</TITLE>
    </MENU_STRINGS>
    <MENU_STRINGS menu="a">
      <TITLE>Ancre (a)</TITLE>
    </MENU_STRINGS>
    <MENU_STRINGS menu="blockquote">
      <TITLE>Indentation (blockquote)</TITLE>
    </MENU_STRINGS>
    <MENU_STRINGS menu="pre">
      <TITLE>Texte préformaté (pre)</TITLE>
    </MENU_STRINGS>
    <MENU_STRINGS menu="em">
      <TITLE>Emphase (em)</TITLE>
    </MENU_STRINGS>
    <MENU_STRINGS menu="strong">
      <TITLE>Appuyé (strong)</TITLE>
    </MENU_STRINGS>
    <MENU_STRINGS menu="tt">
      <TITLE>Télétype (tt)</TITLE>
    </MENU_STRINGS>
    <MENU_STRINGS menu="abbr">
      <TITLE>Abbréviation (abbr)</TITLE>
    </MENU_STRINGS>
    <MENU_STRINGS menu="acronym">
      <TITLE>Acronyme (acronym)</TITLE>
    </MENU_STRINGS>
    <MENU_STRINGS menu="address">
      <TITLE>Adresse (address)</TITLE>
    </MENU_STRINGS>
    <MENU_STRINGS menu="br">
      <TITLE>Saut de ligne (br)</TITLE>
    </MENU_STRINGS>
    <MENU_STRINGS menu="cite">
      <TITLE>Citation (cite)</TITLE>
    </MENU_STRINGS>
    <MENU_STRINGS menu="code">
      <TITLE>Code (code)</TITLE>
    </MENU_STRINGS>
    <MENU_STRINGS menu="style">
      <TITLE>Style (style)</TITLE>
    </MENU_STRINGS>
    <MENU_STRINGS menu="commentaire">
      <TITLE>Commentaire XML</TITLE>
    </MENU_STRINGS>
    
    <MENU_STRINGS menu="listes_tables">
      <TITLE>Listes/Tables</TITLE>
    </MENU_STRINGS>
    <MENU_STRINGS menu="ul">
      <TITLE>Liste à points (ul)</TITLE>
    </MENU_STRINGS>
    <MENU_STRINGS menu="li">
      <TITLE>élément de liste (li)</TITLE>
    </MENU_STRINGS>
    <MENU_STRINGS menu="ol">
      <TITLE>Liste numérotée (ol)</TITLE>
    </MENU_STRINGS>
    <MENU_STRINGS menu="dl">
      <TITLE>Liste de définitions (dl)</TITLE>
    </MENU_STRINGS>
    <MENU_STRINGS menu="dt">
      <TITLE>Titre de liste de déf. (dt)</TITLE>
    </MENU_STRINGS>
    <MENU_STRINGS menu="dd">
      <TITLE>Définition de liste de déf. (dd)</TITLE>
    </MENU_STRINGS>
    <MENU_STRINGS menu="table">
      <TITLE>Table (table)</TITLE>
    </MENU_STRINGS>
    
    <MENU_STRINGS menu="objets">
      <TITLE>Objets</TITLE>
    </MENU_STRINGS>
    <MENU_STRINGS menu="img">
      <TITLE>Image (img)</TITLE>
    </MENU_STRINGS>
    <MENU_STRINGS menu="object">
      <TITLE>Objet (object)</TITLE>
    </MENU_STRINGS>
    <MENU_STRINGS menu="param">
      <TITLE>Paramètre (param)</TITLE>
    </MENU_STRINGS>
    
    <MENU_STRINGS menu="formulaires">
      <TITLE>Formulaires</TITLE>
    </MENU_STRINGS>
    <MENU_STRINGS menu="form">
      <TITLE>Formulaire (form)</TITLE>
    </MENU_STRINGS>
    <MENU_STRINGS menu="input">
      <TITLE>Entrée de donnée (input)</TITLE>
    </MENU_STRINGS>
    <MENU_STRINGS menu="label">
      <TITLE>Label (label)</TITLE>
    </MENU_STRINGS>
    <MENU_STRINGS menu="select">
      <TITLE>Menu de sélection (select)</TITLE>
    </MENU_STRINGS>
    <MENU_STRINGS menu="option">
      <TITLE>Option de sélection (option)</TITLE>
    </MENU_STRINGS>
    <MENU_STRINGS menu="textarea">
      <TITLE>Zone de texte (textarea)</TITLE>
    </MENU_STRINGS>
    
    <MENU_STRINGS menu="styles">
      <TITLE>Styles</TITLE>
    </MENU_STRINGS>
    <MENU_STRINGS menu="normal">
      <TITLE>Sans style</TITLE>
      <DOCUMENTATION>
        Retire tous les styles du texte sélectionné, le transformant en texte normal
      </DOCUMENTATION>
    </MENU_STRINGS>
    <MENU_STRINGS menu="sup">
      <TITLE>Exposant (sup)</TITLE>
    </MENU_STRINGS>
    <MENU_STRINGS menu="sub">
      <TITLE>Indice (sub)</TITLE>
    </MENU_STRINGS>
    <MENU_STRINGS menu="i">
      <TITLE>Italique (i)</TITLE>
    </MENU_STRINGS>
    <MENU_STRINGS menu="b">
      <TITLE>Gras (b)</TITLE>
    </MENU_STRINGS>
  </STRINGS>
  
</DAXE_CONFIG>